2026-02-27 12:16:32.001 WARNING bikeCompFollowUp - main: Inicio pyiOS!!!
2026-02-27 12:16:32.158 DEBUG selector_events - __init__: Using selector: KqueueSelector
2026-02-27 12:16:32.406 INFO bikeCompFollowUp - arrancarDB: Successfully Connected to SQLite
2026-02-27 12:16:32.406 INFO bikeCompFollowUp - arrancarDB: Creación Base de Datos y Tablas principales.
2026-02-27 12:16:32.408 INFO bikeCompFollowUp - arrancarDB: Ejecución SQL creación tablas.
2026-02-27 12:16:32.408 INFO bikeCompFollowUp - arrancarDB: Tablas DB creadas
2026-02-27 12:16:32.408 INFO bikeCompFollowUp - arrancarDB: Fin acciones Base de Datos
2026-02-27 14:32:20.792 WARNING bikeCompFollowUp - main: Inicio pyiOS!!!
2026-02-27 14:32:20.914 DEBUG selector_events - __init__: Using selector: KqueueSelector
2026-02-27 14:32:21.125 INFO bikeCompFollowUp - arrancarDB: Successfully Connected to SQLite
2026-02-27 14:32:21.125 INFO bikeCompFollowUp - arrancarDB: Creación Base de Datos y Tablas principales.
2026-02-27 14:32:21.129 ERROR bikeCompFollowUp - arrancarDB: Tablas ya existen en SQLite
2026-02-27 14:32:21.129 INFO bikeCompFollowUp - arrancarDB: Tablas DB creadas
2026-02-27 14:32:21.129 INFO bikeCompFollowUp - arrancarDB: Fin acciones Base de Datos
2026-02-27 14:35:05.913 WARNING bikeCompFollowUp - main: Inicio pyiOS!!!
2026-02-27 14:35:06.102 DEBUG selector_events - __init__: Using selector: KqueueSelector
2026-02-27 14:35:06.473 INFO bikeCompFollowUp - arrancarDB: Successfully Connected to SQLite
2026-02-27 14:35:06.473 INFO bikeCompFollowUp - arrancarDB: Creación Base de Datos y Tablas principales.
2026-02-27 14:35:06.477 ERROR bikeCompFollowUp - arrancarDB: Tablas ya existen en SQLite
2026-02-27 14:35:06.477 INFO bikeCompFollowUp - arrancarDB: Tablas DB creadas
2026-02-27 14:35:06.477 INFO bikeCompFollowUp - arrancarDB: Fin acciones Base de Datos
2026-02-27 14:35:33.963 WARNING bikeCompFollowUp - main: Inicio pyiOS!!!
2026-02-27 14:35:34.041 DEBUG selector_events - __init__: Using selector: KqueueSelector
2026-02-27 14:35:34.221 INFO bikeCompFollowUp - arrancarDB: Successfully Connected to SQLite
2026-02-27 14:35:34.221 INFO bikeCompFollowUp - arrancarDB: Creación Base de Datos y Tablas principales.
2026-02-27 14:35:34.224 ERROR bikeCompFollowUp - arrancarDB: Tablas ya existen en SQLite
2026-02-27 14:35:34.225 INFO bikeCompFollowUp - arrancarDB: Tablas DB creadas
2026-02-27 14:35:34.225 INFO bikeCompFollowUp - arrancarDB: Fin acciones Base de Datos
2026-02-27 14:39:21.997 WARNING bikeCompFollowUp - main: Inicio pyiOS!!!
2026-02-27 14:39:22.093 DEBUG selector_events - __init__: Using selector: KqueueSelector
2026-02-27 14:39:22.282 INFO bikeCompFollowUp - arrancarDB: Successfully Connected to SQLite
2026-02-27 14:39:22.282 INFO bikeCompFollowUp - arrancarDB: Creación Base de Datos y Tablas principales.
2026-02-27 14:39:22.287 ERROR bikeCompFollowUp - arrancarDB: Tablas ya existen en SQLite
2026-02-27 14:39:22.287 INFO bikeCompFollowUp - arrancarDB: Tablas DB creadas
2026-02-27 14:39:22.287 INFO bikeCompFollowUp - arrancarDB: Fin acciones Base de Datos
2026-02-27 14:49:56.682 WARNING bikeCompFollowUp - main: Inicio pyiOS!!!
2026-02-27 14:49:56.793 DEBUG selector_events - __init__: Using selector: KqueueSelector
2026-02-27 14:49:57.002 INFO bikeCompFollowUp - arrancarDB: Successfully Connected to SQLite
2026-02-27 14:49:57.002 INFO bikeCompFollowUp - arrancarDB: Creación Base de Datos y Tablas principales.
2026-02-27 14:49:57.006 ERROR bikeCompFollowUp - arrancarDB: Tablas ya existen en SQLite
2026-02-27 14:49:57.007 INFO bikeCompFollowUp - arrancarDB: Tablas DB creadas
2026-02-27 14:49:57.007 INFO bikeCompFollowUp - arrancarDB: Fin acciones Base de Datos
2026-02-27 14:52:23.458 WARNING bikeCompFollowUp - main: Inicio pyiOS!!!
2026-02-27 14:52:23.556 DEBUG selector_events - __init__: Using selector: KqueueSelector
2026-02-27 14:52:23.747 INFO bikeCompFollowUp - arrancarDB: Successfully Connected to SQLite
2026-02-27 14:52:23.747 INFO bikeCompFollowUp - arrancarDB: Creación Base de Datos y Tablas principales.
2026-02-27 14:52:23.752 ERROR bikeCompFollowUp - arrancarDB: Tablas ya existen en SQLite
2026-02-27 14:52:23.752 INFO bikeCompFollowUp - arrancarDB: Tablas DB creadas
2026-02-27 14:52:23.752 INFO bikeCompFollowUp - arrancarDB: Fin acciones Base de Datos
2026-02-27 14:54:51.825 WARNING bikeCompFollowUp - main: Inicio pyiOS!!!
2026-02-27 14:54:51.920 DEBUG selector_events - __init__: Using selector: KqueueSelector
2026-02-27 14:54:52.105 INFO bikeCompFollowUp - arrancarDB: Successfully Connected to SQLite
2026-02-27 14:54:52.105 INFO bikeCompFollowUp - arrancarDB: Creación Base de Datos y Tablas principales.
2026-02-27 14:54:52.109 ERROR bikeCompFollowUp - arrancarDB: Tablas ya existen en SQLite
2026-02-27 14:54:52.109 INFO bikeCompFollowUp - arrancarDB: Tablas DB creadas
2026-02-27 14:54:52.109 INFO bikeCompFollowUp - arrancarDB: Fin acciones Base de Datos
2026-02-27 15:06:45.719 WARNING bikeCompFollowUp - main: Inicio pyiOS!!!
2026-02-27 15:06:45.872 DEBUG selector_events - __init__: Using selector: KqueueSelector
2026-02-27 15:06:46.178 INFO bikeCompFollowUp - arrancarDB: Successfully Connected to SQLite
2026-02-27 15:06:46.178 INFO bikeCompFollowUp - arrancarDB: Creación Base de Datos y Tablas principales.
2026-02-27 15:06:46.185 ERROR bikeCompFollowUp - arrancarDB: Tablas ya existen en SQLite
2026-02-27 15:06:46.185 INFO bikeCompFollowUp - arrancarDB: Tablas DB creadas
2026-02-27 15:06:46.185 INFO bikeCompFollowUp - arrancarDB: Fin acciones Base de Datos
2026-02-27 15:07:40.476 WARNING bikeCompFollowUp - main: Inicio pyiOS!!!
2026-02-27 15:07:40.564 DEBUG selector_events - __init__: Using selector: KqueueSelector
2026-02-27 15:07:40.753 INFO bikeCompFollowUp - arrancarDB: Successfully Connected to SQLite
2026-02-27 15:07:40.753 INFO bikeCompFollowUp - arrancarDB: Creación Base de Datos y Tablas principales.
2026-02-27 15:07:40.758 ERROR bikeCompFollowUp - arrancarDB: Tablas ya existen en SQLite
2026-02-27 15:07:40.758 INFO bikeCompFollowUp - arrancarDB: Tablas DB creadas
2026-02-27 15:07:40.758 INFO bikeCompFollowUp - arrancarDB: Fin acciones Base de Datos
2026-02-27 15:43:38.237 WARNING bikeCompFollowUp - main: Inicio pyiOS!!!
2026-02-27 15:43:38.364 DEBUG selector_events - __init__: Using selector: KqueueSelector
2026-02-27 15:43:38.588 INFO bikeCompFollowUp - arrancarDB: Successfully Connected to SQLite
2026-02-27 15:43:38.588 INFO bikeCompFollowUp - arrancarDB: Creación Base de Datos y Tablas principales.
2026-02-27 15:43:38.593 ERROR bikeCompFollowUp - arrancarDB: Tablas ya existen en SQLite
2026-02-27 15:43:38.593 INFO bikeCompFollowUp - arrancarDB: Tablas DB creadas
2026-02-27 15:43:38.593 INFO bikeCompFollowUp - arrancarDB: Fin acciones Base de Datos
2026-02-27 15:45:37.680 WARNING bikeCompFollowUp - main: Inicio pyiOS!!!
2026-02-27 15:45:37.780 DEBUG selector_events - __init__: Using selector: KqueueSelector
2026-02-27 15:45:37.994 INFO bikeCompFollowUp - arrancarDB: Successfully Connected to SQLite
2026-02-27 15:45:37.994 INFO bikeCompFollowUp - arrancarDB: Creación Base de Datos y Tablas principales.
2026-02-27 15:45:37.999 ERROR bikeCompFollowUp - arrancarDB: Tablas ya existen en SQLite
2026-02-27 15:45:37.999 INFO bikeCompFollowUp - arrancarDB: Tablas DB creadas
2026-02-27 15:45:37.999 INFO bikeCompFollowUp - arrancarDB: Fin acciones Base de Datos
2026-02-27 16:53:08.450 WARNING bikeCompFollowUp - main: Inicio pyiOS!!!
2026-02-27 16:53:08.572 DEBUG selector_events - __init__: Using selector: KqueueSelector
2026-02-27 16:53:08.783 INFO bikeCompFollowUp - arrancarDB: Successfully Connected to SQLite
2026-02-27 16:53:08.783 INFO bikeCompFollowUp - arrancarDB: Creación Base de Datos y Tablas principales.
2026-02-27 16:53:08.787 ERROR bikeCompFollowUp - arrancarDB: Tablas ya existen en SQLite
2026-02-27 16:53:08.787 INFO bikeCompFollowUp - arrancarDB: Tablas DB creadas
2026-02-27 16:53:08.787 INFO bikeCompFollowUp - arrancarDB: Fin acciones Base de Datos
2026-02-27 16:53:10.449 ERROR bikeCompFollowUp - construir_pantalla_dos: Error al leer tabla tipo_vehiculo no such column: nombre
2026-02-27 16:54:46.870 WARNING bikeCompFollowUp - main: Inicio pyiOS!!!
2026-02-27 16:54:46.963 DEBUG selector_events - __init__: Using selector: KqueueSelector
2026-02-27 16:54:47.140 INFO bikeCompFollowUp - arrancarDB: Successfully Connected to SQLite
2026-02-27 16:54:47.140 INFO bikeCompFollowUp - arrancarDB: Creación Base de Datos y Tablas principales.
2026-02-27 16:54:47.144 ERROR bikeCompFollowUp - arrancarDB: Tablas ya existen en SQLite
2026-02-27 16:54:47.144 INFO bikeCompFollowUp - arrancarDB: Tablas DB creadas
2026-02-27 16:54:47.144 INFO bikeCompFollowUp - arrancarDB: Fin acciones Base de Datos
2026-02-27 17:00:33.764 WARNING bikeCompFollowUp - main: Inicio pyiOS!!!
2026-02-27 17:00:33.868 DEBUG selector_events - __init__: Using selector: KqueueSelector
2026-02-27 17:00:34.065 INFO bikeCompFollowUp - arrancarDB: Successfully Connected to SQLite
2026-02-27 17:00:34.065 INFO bikeCompFollowUp - arrancarDB: Creación Base de Datos y Tablas principales.
2026-02-27 17:00:34.070 ERROR bikeCompFollowUp - arrancarDB: Tablas ya existen en SQLite
2026-02-27 17:00:34.070 INFO bikeCompFollowUp - arrancarDB: Tablas DB creadas
2026-02-27 17:00:34.070 INFO bikeCompFollowUp - arrancarDB: Fin acciones Base de Datos
2026-02-27 17:01:40.058 WARNING bikeCompFollowUp - main: Inicio pyiOS!!!
2026-02-27 17:01:40.149 DEBUG selector_events - __init__: Using selector: KqueueSelector
2026-02-27 17:01:40.339 INFO bikeCompFollowUp - arrancarDB: Successfully Connected to SQLite
2026-02-27 17:01:40.339 INFO bikeCompFollowUp - arrancarDB: Creación Base de Datos y Tablas principales.
2026-02-27 17:01:40.343 ERROR bikeCompFollowUp - arrancarDB: Tablas ya existen en SQLite
2026-02-27 17:01:40.343 INFO bikeCompFollowUp - arrancarDB: Tablas DB creadas
2026-02-27 17:01:40.343 INFO bikeCompFollowUp - arrancarDB: Fin acciones Base de Datos
2026-02-27 17:02:44.583 WARNING bikeCompFollowUp - main: Inicio pyiOS!!!
2026-02-27 17:02:44.644 DEBUG selector_events - __init__: Using selector: KqueueSelector
2026-02-27 17:02:44.825 INFO bikeCompFollowUp - arrancarDB: Successfully Connected to SQLite
2026-02-27 17:02:44.825 INFO bikeCompFollowUp - arrancarDB: Creación Base de Datos y Tablas principales.
2026-02-27 17:02:44.827 ERROR bikeCompFollowUp - arrancarDB: Tablas ya existen en SQLite
2026-02-27 17:02:44.827 INFO bikeCompFollowUp - arrancarDB: Tablas DB creadas
2026-02-27 17:02:44.827 INFO bikeCompFollowUp - arrancarDB: Fin acciones Base de Datos
2026-02-27 17:03:26.844 WARNING bikeCompFollowUp - main: Inicio pyiOS!!!
2026-02-27 17:03:26.940 DEBUG selector_events - __init__: Using selector: KqueueSelector
2026-02-27 17:03:27.136 INFO bikeCompFollowUp - arrancarDB: Successfully Connected to SQLite
2026-02-27 17:03:27.136 INFO bikeCompFollowUp - arrancarDB: Creación Base de Datos y Tablas principales.
2026-02-27 17:03:27.140 ERROR bikeCompFollowUp - arrancarDB: Tablas ya existen en SQLite
2026-02-27 17:03:27.140 INFO bikeCompFollowUp - arrancarDB: Tablas DB creadas
2026-02-27 17:03:27.140 INFO bikeCompFollowUp - arrancarDB: Fin acciones Base de Datos
2026-02-27 17:04:48.050 WARNING bikeCompFollowUp - main: Inicio pyiOS!!!
2026-02-27 17:04:48.128 DEBUG selector_events - __init__: Using selector: KqueueSelector
2026-02-27 17:04:48.310 INFO bikeCompFollowUp - arrancarDB: Successfully Connected to SQLite
2026-02-27 17:04:48.310 INFO bikeCompFollowUp - arrancarDB: Creación Base de Datos y Tablas principales.
2026-02-27 17:04:48.314 ERROR bikeCompFollowUp - arrancarDB: Tablas ya existen en SQLite
2026-02-27 17:04:48.315 INFO bikeCompFollowUp - arrancarDB: Tablas DB creadas
2026-02-27 17:04:48.315 INFO bikeCompFollowUp - arrancarDB: Fin acciones Base de Datos
2026-02-27 17:09:11.242 WARNING bikeCompFollowUp - main: Inicio pyiOS!!!
2026-02-27 17:09:11.347 DEBUG selector_events - __init__: Using selector: KqueueSelector
2026-02-27 17:09:11.545 INFO bikeCompFollowUp - arrancarDB: Successfully Connected to SQLite
2026-02-27 17:09:11.545 INFO bikeCompFollowUp - arrancarDB: Creación Base de Datos y Tablas principales.
2026-02-27 17:09:11.550 ERROR bikeCompFollowUp - arrancarDB: Tablas ya existen en SQLite
2026-02-27 17:09:11.550 INFO bikeCompFollowUp - arrancarDB: Tablas DB creadas
2026-02-27 17:09:11.550 INFO bikeCompFollowUp - arrancarDB: Fin acciones Base de Datos
2026-02-27 17:10:44.697 WARNING bikeCompFollowUp - main: Inicio pyiOS!!!
2026-02-27 17:10:44.796 DEBUG selector_events - __init__: Using selector: KqueueSelector
2026-02-27 17:10:44.992 INFO bikeCompFollowUp - arrancarDB: Successfully Connected to SQLite
2026-02-27 17:10:44.992 INFO bikeCompFollowUp - arrancarDB: Creación Base de Datos y Tablas principales.
2026-02-27 17:10:44.997 ERROR bikeCompFollowUp - arrancarDB: Tablas ya existen en SQLite
2026-02-27 17:10:44.997 INFO bikeCompFollowUp - arrancarDB: Tablas DB creadas
2026-02-27 17:10:44.997 INFO bikeCompFollowUp - arrancarDB: Fin acciones Base de Datos
2026-02-27 17:14:07.400 WARNING bikeCompFollowUp - main: Inicio pyiOS!!!
2026-02-27 17:14:07.495 DEBUG selector_events - __init__: Using selector: KqueueSelector
2026-02-27 17:14:07.681 INFO bikeCompFollowUp - arrancarDB: Successfully Connected to SQLite
2026-02-27 17:14:07.681 INFO bikeCompFollowUp - arrancarDB: Creación Base de Datos y Tablas principales.
2026-02-27 17:14:07.686 ERROR bikeCompFollowUp - arrancarDB: Tablas ya existen en SQLite
2026-02-27 17:14:07.686 INFO bikeCompFollowUp - arrancarDB: Tablas DB creadas
2026-02-27 17:14:07.686 INFO bikeCompFollowUp - arrancarDB: Fin acciones Base de Datos
2026-02-27 17:15:36.100 WARNING bikeCompFollowUp - main: Inicio pyiOS!!!
2026-02-27 17:15:36.196 DEBUG selector_events - __init__: Using selector: KqueueSelector
2026-02-27 17:15:36.384 INFO bikeCompFollowUp - arrancarDB: Successfully Connected to SQLite
2026-02-27 17:15:36.384 INFO bikeCompFollowUp - arrancarDB: Creación Base de Datos y Tablas principales.
2026-02-27 17:15:36.389 ERROR bikeCompFollowUp - arrancarDB: Tablas ya existen en SQLite
2026-02-27 17:15:36.389 INFO bikeCompFollowUp - arrancarDB: Tablas DB creadas
2026-02-27 17:15:36.389 INFO bikeCompFollowUp - arrancarDB: Fin acciones Base de Datos
2026-02-28 09:42:35.175 WARNING bikeCompFollowUp - main: Inicio pyiOS!!!
2026-02-28 09:42:35.348 DEBUG selector_events - __init__: Using selector: KqueueSelector
2026-02-28 09:42:35.626 INFO bikeCompFollowUp - arrancarDB: Successfully Connected to SQLite
2026-02-28 09:42:35.626 INFO bikeCompFollowUp - arrancarDB: Creación Base de Datos y Tablas principales.
2026-02-28 09:42:35.630 ERROR bikeCompFollowUp - arrancarDB: Tablas ya existen en SQLite
2026-02-28 09:42:35.630 INFO bikeCompFollowUp - arrancarDB: Tablas DB creadas
2026-02-28 09:42:35.630 INFO bikeCompFollowUp - arrancarDB: Fin acciones Base de Datos
2026-02-28 09:44:28.324 WARNING bikeCompFollowUp - main: Inicio pyiOS!!!
2026-02-28 09:44:28.407 DEBUG selector_events - __init__: Using selector: KqueueSelector
2026-02-28 09:44:28.578 INFO bikeCompFollowUp - arrancarDB: Successfully Connected to SQLite
2026-02-28 09:44:28.578 INFO bikeCompFollowUp - arrancarDB: Creación Base de Datos y Tablas principales.
2026-02-28 09:44:28.582 ERROR bikeCompFollowUp - arrancarDB: Tablas ya existen en SQLite
2026-02-28 09:44:28.582 INFO bikeCompFollowUp - arrancarDB: Tablas DB creadas
2026-02-28 09:44:28.583 INFO bikeCompFollowUp - arrancarDB: Fin acciones Base de Datos
2026-02-28 09:45:33.736 WARNING bikeCompFollowUp - main: Inicio pyiOS!!!
2026-02-28 09:45:33.825 DEBUG selector_events - __init__: Using selector: KqueueSelector
2026-02-28 09:45:34.009 INFO bikeCompFollowUp - arrancarDB: Successfully Connected to SQLite
2026-02-28 09:45:34.009 INFO bikeCompFollowUp - arrancarDB: Creación Base de Datos y Tablas principales.
2026-02-28 09:45:34.012 ERROR bikeCompFollowUp - arrancarDB: Tablas ya existen en SQLite
2026-02-28 09:45:34.012 INFO bikeCompFollowUp - arrancarDB: Tablas DB creadas
2026-02-28 09:45:34.013 INFO bikeCompFollowUp - arrancarDB: Fin acciones Base de Datos
2026-02-28 09:47:53.511 WARNING bikeCompFollowUp - main: Inicio pyiOS!!!
2026-02-28 09:47:53.612 DEBUG selector_events - __init__: Using selector: KqueueSelector
2026-02-28 09:47:53.807 INFO bikeCompFollowUp - arrancarDB: Successfully Connected to SQLite
2026-02-28 09:47:53.807 INFO bikeCompFollowUp - arrancarDB: Creación Base de Datos y Tablas principales.
2026-02-28 09:47:53.812 ERROR bikeCompFollowUp - arrancarDB: Tablas ya existen en SQLite
2026-02-28 09:47:53.812 INFO bikeCompFollowUp - arrancarDB: Tablas DB creadas
2026-02-28 09:47:53.813 INFO bikeCompFollowUp - arrancarDB: Fin acciones Base de Datos
2026-02-28 10:14:52.580 WARNING bikeCompFollowUp - main: Inicio pyiOS!!!
2026-02-28 10:14:52.744 DEBUG selector_events - __init__: Using selector: KqueueSelector
2026-02-28 10:14:53.048 INFO bikeCompFollowUp - arrancarDB: Successfully Connected to SQLite
2026-02-28 10:14:53.048 INFO bikeCompFollowUp - arrancarDB: Creación Base de Datos y Tablas principales.
2026-02-28 10:14:53.052 ERROR bikeCompFollowUp - arrancarDB: Tablas ya existen en SQLite
2026-02-28 10:14:53.052 INFO bikeCompFollowUp - arrancarDB: Tablas DB creadas
2026-02-28 10:14:53.052 INFO bikeCompFollowUp - arrancarDB: Fin acciones Base de Datos
2026-02-28 10:15:09.411 WARNING bikeCompFollowUp - main: Inicio pyiOS!!!
2026-02-28 10:15:09.490 DEBUG selector_events - __init__: Using selector: KqueueSelector
2026-02-28 10:15:09.660 INFO bikeCompFollowUp - arrancarDB: Successfully Connected to SQLite
2026-02-28 10:15:09.660 INFO bikeCompFollowUp - arrancarDB: Creación Base de Datos y Tablas principales.
2026-02-28 10:15:09.664 ERROR bikeCompFollowUp - arrancarDB: Tablas ya existen en SQLite
2026-02-28 10:15:09.664 INFO bikeCompFollowUp - arrancarDB: Tablas DB creadas
2026-02-28 10:15:09.664 INFO bikeCompFollowUp - arrancarDB: Fin acciones Base de Datos
2026-02-28 10:15:33.298 WARNING bikeCompFollowUp - main: Inicio pyiOS!!!
2026-02-28 10:15:33.381 DEBUG selector_events - __init__: Using selector: KqueueSelector
2026-02-28 10:15:33.558 INFO bikeCompFollowUp - arrancarDB: Successfully Connected to SQLite
2026-02-28 10:15:33.558 INFO bikeCompFollowUp - arrancarDB: Creación Base de Datos y Tablas principales.
2026-02-28 10:15:33.559 INFO bikeCompFollowUp - arrancarDB: Ejecución SQL creación tablas.
2026-02-28 10:15:33.559 INFO bikeCompFollowUp - arrancarDB: Tablas DB creadas
2026-02-28 10:15:33.559 INFO bikeCompFollowUp - arrancarDB: Fin acciones Base de Datos
2026-02-28 10:16:19.813 WARNING bikeCompFollowUp - main: Inicio pyiOS!!!
2026-02-28 10:16:19.902 DEBUG selector_events - __init__: Using selector: KqueueSelector
2026-02-28 10:16:20.077 INFO bikeCompFollowUp - arrancarDB: Successfully Connected to SQLite
2026-02-28 10:16:20.077 INFO bikeCompFollowUp - arrancarDB: Creación Base de Datos y Tablas principales.
2026-02-28 10:16:20.078 INFO bikeCompFollowUp - arrancarDB: Ejecución SQL creación tablas.
2026-02-28 10:16:20.078 INFO bikeCompFollowUp - arrancarDB: Tablas DB creadas
2026-02-28 10:16:20.078 INFO bikeCompFollowUp - arrancarDB: Fin acciones Base de Datos
2026-02-28 10:22:32.245 WARNING bikeCompFollowUp - main: Inicio pyiOS!!!
2026-02-28 10:22:32.337 DEBUG selector_events - __init__: Using selector: KqueueSelector
2026-02-28 10:22:32.526 INFO bikeCompFollowUp - arrancarDB: Successfully Connected to SQLite
2026-02-28 10:22:32.526 INFO bikeCompFollowUp - arrancarDB: Creación Base de Datos y Tablas principales.
2026-02-28 10:22:32.527 INFO bikeCompFollowUp - arrancarDB: Ejecución SQL creación tablas.
2026-02-28 10:22:32.527 INFO bikeCompFollowUp - arrancarDB: Tablas DB creadas
2026-02-28 10:22:32.527 INFO bikeCompFollowUp - arrancarDB: Fin acciones Base de Datos
2026-02-28 10:23:59.487 WARNING bikeCompFollowUp - main: Inicio pyiOS!!!
2026-02-28 10:23:59.581 DEBUG selector_events - __init__: Using selector: KqueueSelector
2026-02-28 10:23:59.764 INFO bikeCompFollowUp - arrancarDB: Successfully Connected to SQLite
2026-02-28 10:23:59.764 INFO bikeCompFollowUp - arrancarDB: Creación Base de Datos y Tablas principales.
2026-02-28 10:23:59.764 INFO bikeCompFollowUp - arrancarDB: Ejecución SQL creación tablas.
2026-02-28 10:23:59.764 INFO bikeCompFollowUp - arrancarDB: Tablas DB creadas
2026-02-28 10:23:59.764 INFO bikeCompFollowUp - arrancarDB: Fin acciones Base de Datos
2026-02-28 10:25:08.308 WARNING bikeCompFollowUp - main: Inicio pyiOS!!!
2026-02-28 10:25:08.403 DEBUG selector_events - __init__: Using selector: KqueueSelector
2026-02-28 10:25:08.593 INFO bikeCompFollowUp - arrancarDB: Successfully Connected to SQLite
2026-02-28 10:25:08.594 INFO bikeCompFollowUp - arrancarDB: Creación Base de Datos y Tablas principales.
2026-02-28 10:25:08.595 INFO bikeCompFollowUp - arrancarDB: Ejecución SQL creación tablas.
2026-02-28 10:25:08.595 INFO bikeCompFollowUp - arrancarDB: Tablas DB creadas
2026-02-28 10:25:08.595 INFO bikeCompFollowUp - arrancarDB: Fin acciones Base de Datos
2026-02-28 21:04:59.433 WARNING bikeCompFollowUp - main: Inicio pyiOS!!!
2026-02-28 21:04:59.549 DEBUG selector_events - __init__: Using selector: KqueueSelector
2026-02-28 21:04:59.767 INFO bikeCompFollowUp - arrancarDB: Successfully Connected to SQLite
2026-02-28 21:04:59.767 INFO bikeCompFollowUp - arrancarDB: Creación Base de Datos y Tablas principales.
2026-02-28 21:04:59.768 INFO bikeCompFollowUp - arrancarDB: Ejecución SQL creación tablas.
2026-02-28 21:04:59.768 INFO bikeCompFollowUp - arrancarDB: Tablas DB creadas
2026-02-28 21:04:59.768 INFO bikeCompFollowUp - arrancarDB: Fin acciones Base de Datos
2026-02-28 21:10:41.915 WARNING bikeCompFollowUp - main: Inicio pyiOS!!!
2026-02-28 21:10:42.005 DEBUG selector_events - __init__: Using selector: KqueueSelector
2026-02-28 21:10:42.186 INFO bikeCompFollowUp - arrancarDB: Successfully Connected to SQLite
2026-02-28 21:10:42.186 INFO bikeCompFollowUp - arrancarDB: Creación Base de Datos y Tablas principales.
2026-02-28 21:10:42.187 INFO bikeCompFollowUp - arrancarDB: Ejecución SQL creación tablas.
2026-02-28 21:10:42.187 INFO bikeCompFollowUp - arrancarDB: Tablas DB creadas
2026-02-28 21:10:42.187 INFO bikeCompFollowUp - arrancarDB: Fin acciones Base de Datos
2026-02-28 21:11:44.769 WARNING bikeCompFollowUp - main: Inicio pyiOS!!!
2026-02-28 21:11:44.859 DEBUG selector_events - __init__: Using selector: KqueueSelector
2026-02-28 21:11:45.034 INFO bikeCompFollowUp - arrancarDB: Successfully Connected to SQLite
2026-02-28 21:11:45.034 INFO bikeCompFollowUp - arrancarDB: Creación Base de Datos y Tablas principales.
2026-02-28 21:11:45.035 INFO bikeCompFollowUp - arrancarDB: Ejecución SQL creación tablas.
2026-02-28 21:11:45.035 INFO bikeCompFollowUp - arrancarDB: Tablas DB creadas
2026-02-28 21:11:45.035 INFO bikeCompFollowUp - arrancarDB: Fin acciones Base de Datos
2026-02-28 21:19:32.971 WARNING bikeCompFollowUp - main: Inicio pyiOS!!!
2026-02-28 21:19:33.064 DEBUG selector_events - __init__: Using selector: KqueueSelector
2026-02-28 21:19:33.249 INFO bikeCompFollowUp - arrancarDB: Successfully Connected to SQLite
2026-02-28 21:19:33.249 INFO bikeCompFollowUp - arrancarDB: Creación Base de Datos y Tablas principales.
2026-02-28 21:19:33.249 INFO bikeCompFollowUp - arrancarDB: Ejecución SQL creación tablas.
2026-02-28 21:19:33.249 INFO bikeCompFollowUp - arrancarDB: Tablas DB creadas
2026-02-28 21:19:33.249 INFO bikeCompFollowUp - arrancarDB: Fin acciones Base de Datos
2026-03-01 08:07:37.389 WARNING bikeCompFollowUp - main: Inicio pyiOS!!!
2026-03-01 08:07:37.555 DEBUG selector_events - __init__: Using selector: KqueueSelector
2026-03-01 08:07:37.930 INFO bikeCompFollowUp - arrancarDB: Successfully Connected to SQLite
2026-03-01 08:07:37.930 INFO bikeCompFollowUp - arrancarDB: Creación Base de Datos y Tablas principales.
2026-03-01 08:07:37.930 INFO bikeCompFollowUp - arrancarDB: Ejecución SQL creación tablas.
2026-03-01 08:07:37.930 INFO bikeCompFollowUp - arrancarDB: Tablas DB creadas
2026-03-01 08:07:37.930 INFO bikeCompFollowUp - arrancarDB: Fin acciones Base de Datos
2026-03-01 08:11:27.558 WARNING bikeCompFollowUp - main: Inicio pyiOS!!!
2026-03-01 08:11:27.654 DEBUG selector_events - __init__: Using selector: KqueueSelector
2026-03-01 08:11:27.843 INFO bikeCompFollowUp - arrancarDB: Successfully Connected to SQLite
2026-03-01 08:11:27.843 INFO bikeCompFollowUp - arrancarDB: Creación Base de Datos y Tablas principales.
2026-03-01 08:11:27.844 INFO bikeCompFollowUp - arrancarDB: Ejecución SQL creación tablas.
2026-03-01 08:11:27.844 INFO bikeCompFollowUp - arrancarDB: Tablas DB creadas
2026-03-01 08:11:27.844 INFO bikeCompFollowUp - arrancarDB: Fin acciones Base de Datos
2026-03-01 08:18:50.922 WARNING bikeCompFollowUp - main: Inicio pyiOS!!!
2026-03-01 08:18:51.022 DEBUG selector_events - __init__: Using selector: KqueueSelector
2026-03-01 08:18:51.215 INFO bikeCompFollowUp - arrancarDB: Successfully Connected to SQLite
2026-03-01 08:18:51.215 INFO bikeCompFollowUp - arrancarDB: Creación Base de Datos y Tablas principales.
2026-03-01 08:18:51.216 INFO bikeCompFollowUp - arrancarDB: Ejecución SQL creación tablas.
2026-03-01 08:18:51.216 INFO bikeCompFollowUp - arrancarDB: Tablas DB creadas
2026-03-01 08:18:51.216 INFO bikeCompFollowUp - arrancarDB: Fin acciones Base de Datos
2026-03-01 08:19:11.396 INFO bikeCompFollowUp - cargar_entrada: Datos de Entrada cargados correctamente.
2026-03-01 08:19:15.262 INFO bikeCompFollowUp - cargar_entrada: Datos de Entrada cargados correctamente.
2026-03-01 08:19:15.895 INFO bikeCompFollowUp - cargar_entrada: Datos de Entrada cargados correctamente.
2026-03-01 08:19:16.248 INFO bikeCompFollowUp - cargar_entrada: Datos de Entrada cargados correctamente.
2026-03-01 08:20:40.725 WARNING bikeCompFollowUp - main: Inicio pyiOS!!!
2026-03-01 08:20:40.822 DEBUG selector_events - __init__: Using selector: KqueueSelector
2026-03-01 08:20:41.011 INFO bikeCompFollowUp - arrancarDB: Successfully Connected to SQLite
2026-03-01 08:20:41.011 INFO bikeCompFollowUp - arrancarDB: Creación Base de Datos y Tablas principales.
2026-03-01 08:20:41.012 INFO bikeCompFollowUp - arrancarDB: Ejecución SQL creación tablas.
2026-03-01 08:20:41.012 INFO bikeCompFollowUp - arrancarDB: Tablas DB creadas
2026-03-01 08:20:41.012 INFO bikeCompFollowUp - arrancarDB: Fin acciones Base de Datos
2026-03-01 08:20:54.742 INFO bikeCompFollowUp - cargar_entrada: Datos de Entrada cargados correctamente.
2026-03-01 08:21:44.103 WARNING bikeCompFollowUp - main: Inicio pyiOS!!!
2026-03-01 08:21:44.197 DEBUG selector_events - __init__: Using selector: KqueueSelector
2026-03-01 08:21:44.378 INFO bikeCompFollowUp - arrancarDB: Successfully Connected to SQLite
2026-03-01 08:21:44.379 INFO bikeCompFollowUp - arrancarDB: Creación Base de Datos y Tablas principales.
2026-03-01 08:21:44.379 INFO bikeCompFollowUp - arrancarDB: Ejecución SQL creación tablas.
2026-03-01 08:21:44.379 INFO bikeCompFollowUp - arrancarDB: Tablas DB creadas
2026-03-01 08:21:44.379 INFO bikeCompFollowUp - arrancarDB: Fin acciones Base de Datos
2026-03-01 08:22:05.878 INFO bikeCompFollowUp - cargar_entrada: Datos de Entrada cargados correctamente.
2026-03-01 08:33:47.320 WARNING bikeCompFollowUp - main: Inicio pyiOS!!!
2026-03-01 08:33:47.479 DEBUG selector_events - __init__: Using selector: KqueueSelector
2026-03-01 08:33:47.787 INFO bikeCompFollowUp - arrancarDB: Successfully Connected to SQLite
2026-03-01 08:33:47.787 INFO bikeCompFollowUp - arrancarDB: Creación Base de Datos y Tablas principales.
2026-03-01 08:33:47.787 INFO bikeCompFollowUp - arrancarDB: Ejecución SQL creación tablas.
2026-03-01 08:33:47.787 INFO bikeCompFollowUp - arrancarDB: Tablas DB creadas
2026-03-01 08:33:47.787 INFO bikeCompFollowUp - arrancarDB: Fin acciones Base de Datos
2026-03-01 08:35:05.321 WARNING bikeCompFollowUp - main: Inicio pyiOS!!!
2026-03-01 08:35:05.425 DEBUG selector_events - __init__: Using selector: KqueueSelector
2026-03-01 08:35:05.606 INFO bikeCompFollowUp - arrancarDB: Successfully Connected to SQLite
2026-03-01 08:35:05.606 INFO bikeCompFollowUp - arrancarDB: Creación Base de Datos y Tablas principales.
2026-03-01 08:35:05.607 INFO bikeCompFollowUp - arrancarDB: Ejecución SQL creación tablas.
2026-03-01 08:35:05.607 INFO bikeCompFollowUp - arrancarDB: Tablas DB creadas
2026-03-01 08:35:05.607 INFO bikeCompFollowUp - arrancarDB: Fin acciones Base de Datos
2026-03-01 09:04:46.765 WARNING bikeCompFollowUp - main: Inicio pyiOS!!!
2026-03-01 09:04:46.877 DEBUG selector_events - __init__: Using selector: KqueueSelector
2026-03-01 09:04:47.134 INFO bikeCompFollowUp - arrancarDB: Successfully Connected to SQLite
2026-03-01 09:04:47.134 INFO bikeCompFollowUp - arrancarDB: Creación Base de Datos y Tablas principales.
2026-03-01 09:04:47.135 INFO bikeCompFollowUp - arrancarDB: Ejecución SQL creación tablas.
2026-03-01 09:04:47.135 INFO bikeCompFollowUp - arrancarDB: Tablas DB creadas
2026-03-01 09:04:47.135 INFO bikeCompFollowUp - arrancarDB: Fin acciones Base de Datos
2026-03-01 09:11:47.745 WARNING bikeCompFollowUp - main: Inicio pyiOS!!!
2026-03-01 09:11:47.835 DEBUG selector_events - __init__: Using selector: KqueueSelector
2026-03-01 09:11:48.013 INFO bikeCompFollowUp - arrancarDB: Successfully Connected to SQLite
2026-03-01 09:11:48.014 INFO bikeCompFollowUp - arrancarDB: Creación Base de Datos y Tablas principales.
2026-03-01 09:11:48.014 INFO bikeCompFollowUp - arrancarDB: Ejecución SQL creación tablas.
2026-03-01 09:11:48.014 INFO bikeCompFollowUp - arrancarDB: Tablas DB creadas
2026-03-01 09:11:48.014 INFO bikeCompFollowUp - arrancarDB: Fin acciones Base de Datos
2026-03-01 09:13:15.257 WARNING bikeCompFollowUp - main: Inicio pyiOS!!!
2026-03-01 09:13:15.349 DEBUG selector_events - __init__: Using selector: KqueueSelector
2026-03-01 09:13:28.769 WARNING bikeCompFollowUp - main: Inicio pyiOS!!!
2026-03-01 09:13:28.850 DEBUG selector_events - __init__: Using selector: KqueueSelector
2026-03-01 15:50:40.864 WARNING bikeCompFollowUp - main: Inicio pyiOS!!!
2026-03-01 15:50:40.983 DEBUG selector_events - __init__: Using selector: KqueueSelector
2026-03-01 15:50:41.199 INFO bikeCompFollowUp - arrancarDB: Successfully Connected to SQLite
2026-03-01 15:50:41.199 INFO bikeCompFollowUp - arrancarDB: Creación Base de Datos y Tablas principales.
2026-03-01 15:50:41.200 INFO bikeCompFollowUp - arrancarDB: Ejecución SQL creación tablas.
2026-03-01 15:50:41.200 INFO bikeCompFollowUp - arrancarDB: Tablas DB creadas
2026-03-01 15:50:41.200 INFO bikeCompFollowUp - arrancarDB: Fin acciones Base de Datos
2026-03-01 15:51:02.802 WARNING bikeCompFollowUp - main: Inicio pyiOS!!!
2026-03-01 15:51:02.888 DEBUG selector_events - __init__: Using selector: KqueueSelector
2026-03-01 15:51:03.045 INFO bikeCompFollowUp - arrancarDB: Successfully Connected to SQLite
2026-03-01 15:51:03.045 INFO bikeCompFollowUp - arrancarDB: Creación Base de Datos y Tablas principales.
2026-03-01 15:51:03.046 INFO bikeCompFollowUp - arrancarDB: Ejecución SQL creación tablas.
2026-03-01 15:51:03.046 INFO bikeCompFollowUp - arrancarDB: Tablas DB creadas
2026-03-01 15:51:03.046 INFO bikeCompFollowUp - arrancarDB: Fin acciones Base de Datos
2026-03-01 15:53:47.266 WARNING bikeCompFollowUp - main: Inicio pyiOS!!!
2026-03-01 15:53:47.363 DEBUG selector_events - __init__: Using selector: KqueueSelector
2026-03-01 15:53:47.530 INFO bikeCompFollowUp - arrancarDB: Successfully Connected to SQLite
2026-03-01 15:53:47.530 INFO bikeCompFollowUp - arrancarDB: Creación Base de Datos y Tablas principales.
2026-03-01 15:53:47.531 INFO bikeCompFollowUp - arrancarDB: Ejecución SQL creación tablas.
2026-03-01 15:53:47.531 INFO bikeCompFollowUp - arrancarDB: Tablas DB creadas
2026-03-01 15:53:47.531 INFO bikeCompFollowUp - arrancarDB: Fin acciones Base de Datos
2026-03-01 16:05:58.204 WARNING bikeCompFollowUp - main: Inicio pyiOS!!!
2026-03-01 16:05:58.317 DEBUG selector_events - __init__: Using selector: KqueueSelector
2026-03-01 16:05:58.534 INFO bikeCompFollowUp - arrancarDB: Successfully Connected to SQLite
2026-03-01 16:05:58.534 INFO bikeCompFollowUp - arrancarDB: Creación Base de Datos y Tablas principales.
2026-03-01 16:05:58.535 INFO bikeCompFollowUp - arrancarDB: Ejecución SQL creación tablas.
2026-03-01 16:05:58.535 INFO bikeCompFollowUp - arrancarDB: Tablas DB creadas
2026-03-01 16:05:58.535 INFO bikeCompFollowUp - arrancarDB: Fin acciones Base de Datos
2026-03-01 16:05:58.548 ERROR bikeCompFollowUp - construir_pantalla_inicial: Error al crear/rellenar tabla tipo_vehiculo en SQLite near ")": syntax error
2026-03-01 16:06:23.570 WARNING bikeCompFollowUp - main: Inicio pyiOS!!!
2026-03-01 16:06:23.658 DEBUG selector_events - __init__: Using selector: KqueueSelector
2026-03-01 16:06:23.817 INFO bikeCompFollowUp - arrancarDB: Successfully Connected to SQLite
2026-03-01 16:06:23.817 INFO bikeCompFollowUp - arrancarDB: Creación Base de Datos y Tablas principales.
2026-03-01 16:06:23.818 INFO bikeCompFollowUp - arrancarDB: Ejecución SQL creación tablas.
2026-03-01 16:06:23.818 INFO bikeCompFollowUp - arrancarDB: Tablas DB creadas
2026-03-01 16:06:23.818 INFO bikeCompFollowUp - arrancarDB: Fin acciones Base de Datos
2026-03-01 16:06:23.829 ERROR bikeCompFollowUp - construir_pantalla_inicial: Error al crear/rellenar tabla tipo_vehiculo en SQLite near ")": syntax error
2026-03-01 16:06:41.321 WARNING bikeCompFollowUp - main: Inicio pyiOS!!!
2026-03-01 16:06:41.380 DEBUG selector_events - __init__: Using selector: KqueueSelector
2026-03-01 16:06:41.532 INFO bikeCompFollowUp - arrancarDB: Successfully Connected to SQLite
2026-03-01 16:06:41.532 INFO bikeCompFollowUp - arrancarDB: Creación Base de Datos y Tablas principales.
2026-03-01 16:06:41.532 INFO bikeCompFollowUp - arrancarDB: Ejecución SQL creación tablas.
2026-03-01 16:06:41.532 INFO bikeCompFollowUp - arrancarDB: Tablas DB creadas
2026-03-01 16:06:41.532 INFO bikeCompFollowUp - arrancarDB: Fin acciones Base de Datos
2026-03-01 16:06:41.543 ERROR bikeCompFollowUp - construir_pantalla_inicial: Error al crear/rellenar tabla tipo_vehiculo en SQLite near ")": syntax error
2026-03-01 16:06:53.792 ERROR bikeCompFollowUp - construir_pantalla_inicial: Error al crear/rellenar tabla tipo_vehiculo en SQLite near ")": syntax error
2026-03-01 16:16:29.693 WARNING bikeCompFollowUp - main: Inicio pyiOS!!!
2026-03-01 16:16:29.791 DEBUG selector_events - __init__: Using selector: KqueueSelector
2026-03-01 16:16:29.968 INFO bikeCompFollowUp - arrancarDB: Successfully Connected to SQLite
2026-03-01 16:16:29.968 INFO bikeCompFollowUp - arrancarDB: Creación Base de Datos y Tablas principales.
2026-03-01 16:16:29.970 INFO bikeCompFollowUp - arrancarDB: Ejecución SQL creación tablas.
2026-03-01 16:16:29.970 INFO bikeCompFollowUp - arrancarDB: Tablas DB creadas
2026-03-01 16:16:29.970 INFO bikeCompFollowUp - arrancarDB: Fin acciones Base de Datos
2026-03-01 16:19:20.222 WARNING bikeCompFollowUp - main: Inicio pyiOS!!!
2026-03-01 16:19:20.314 DEBUG selector_events - __init__: Using selector: KqueueSelector
2026-03-01 16:19:20.478 INFO bikeCompFollowUp - arrancarDB: Successfully Connected to SQLite
2026-03-01 16:19:20.478 INFO bikeCompFollowUp - arrancarDB: Creación Base de Datos y Tablas principales.
2026-03-01 16:19:20.478 INFO bikeCompFollowUp - arrancarDB: Ejecución SQL creación tablas.
2026-03-01 16:19:20.478 INFO bikeCompFollowUp - arrancarDB: Tablas DB creadas
2026-03-01 16:19:20.478 INFO bikeCompFollowUp - arrancarDB: Fin acciones Base de Datos
2026-03-01 16:20:08.280 WARNING bikeCompFollowUp - main: Inicio pyiOS!!!
2026-03-01 16:20:08.375 DEBUG selector_events - __init__: Using selector: KqueueSelector
2026-03-01 16:20:08.540 INFO bikeCompFollowUp - arrancarDB: Successfully Connected to SQLite
2026-03-01 16:20:08.541 INFO bikeCompFollowUp - arrancarDB: Creación Base de Datos y Tablas principales.
2026-03-01 16:20:08.541 INFO bikeCompFollowUp - arrancarDB: Ejecución SQL creación tablas.
2026-03-01 16:20:08.541 INFO bikeCompFollowUp - arrancarDB: Tablas DB creadas
2026-03-01 16:20:08.541 INFO bikeCompFollowUp - arrancarDB: Fin acciones Base de Datos
2026-03-01 16:20:25.886 WARNING bikeCompFollowUp - main: Inicio pyiOS!!!
2026-03-01 16:20:25.949 DEBUG selector_events - __init__: Using selector: KqueueSelector
2026-03-01 16:20:26.101 INFO bikeCompFollowUp - arrancarDB: Successfully Connected to SQLite
2026-03-01 16:20:26.101 INFO bikeCompFollowUp - arrancarDB: Creación Base de Datos y Tablas principales.
2026-03-01 16:20:26.101 INFO bikeCompFollowUp - arrancarDB: Ejecución SQL creación tablas.
2026-03-01 16:20:26.101 INFO bikeCompFollowUp - arrancarDB: Tablas DB creadas
2026-03-01 16:20:26.101 INFO bikeCompFollowUp - arrancarDB: Fin acciones Base de Datos
2026-03-01 16:21:22.282 WARNING bikeCompFollowUp - main: Inicio pyiOS!!!
2026-03-01 16:21:22.378 DEBUG selector_events - __init__: Using selector: KqueueSelector
2026-03-01 16:21:22.541 INFO bikeCompFollowUp - arrancarDB: Successfully Connected to SQLite
2026-03-01 16:21:22.541 INFO bikeCompFollowUp - arrancarDB: Creación Base de Datos y Tablas principales.
2026-03-01 16:21:22.542 INFO bikeCompFollowUp - arrancarDB: Ejecución SQL creación tablas.
2026-03-01 16:21:22.542 INFO bikeCompFollowUp - arrancarDB: Tablas DB creadas
2026-03-01 16:21:22.542 INFO bikeCompFollowUp - arrancarDB: Fin acciones Base de Datos
2026-03-01 16:22:07.421 WARNING bikeCompFollowUp - main: Inicio pyiOS!!!
2026-03-01 16:22:07.514 DEBUG selector_events - __init__: Using selector: KqueueSelector
2026-03-01 16:22:07.679 INFO bikeCompFollowUp - arrancarDB: Successfully Connected to SQLite
2026-03-01 16:22:07.679 INFO bikeCompFollowUp - arrancarDB: Creación Base de Datos y Tablas principales.
2026-03-01 16:22:07.680 INFO bikeCompFollowUp - arrancarDB: Ejecución SQL creación tablas.
2026-03-01 16:22:07.680 INFO bikeCompFollowUp - arrancarDB: Tablas DB creadas
2026-03-01 16:22:07.680 INFO bikeCompFollowUp - arrancarDB: Fin acciones Base de Datos
2026-03-01 16:27:22.701 WARNING bikeCompFollowUp - main: Inicio pyiOS!!!
2026-03-01 16:27:22.796 DEBUG selector_events - __init__: Using selector: KqueueSelector
2026-03-01 16:27:22.950 INFO bikeCompFollowUp - arrancarDB: Successfully Connected to SQLite
2026-03-01 16:27:22.951 INFO bikeCompFollowUp - arrancarDB: Creación Base de Datos y Tablas principales.
2026-03-01 16:27:22.951 INFO bikeCompFollowUp - arrancarDB: Ejecución SQL creación tablas.
2026-03-01 16:27:22.951 INFO bikeCompFollowUp - arrancarDB: Tablas DB creadas
2026-03-01 16:27:22.951 INFO bikeCompFollowUp - arrancarDB: Fin acciones Base de Datos
2026-03-01 16:27:56.190 WARNING bikeCompFollowUp - main: Inicio pyiOS!!!
2026-03-01 16:27:56.272 DEBUG selector_events - __init__: Using selector: KqueueSelector
2026-03-01 16:27:56.447 INFO bikeCompFollowUp - arrancarDB: Successfully Connected to SQLite
2026-03-01 16:27:56.447 INFO bikeCompFollowUp - arrancarDB: Creación Base de Datos y Tablas principales.
2026-03-01 16:27:56.447 INFO bikeCompFollowUp - arrancarDB: Ejecución SQL creación tablas.
2026-03-01 16:27:56.447 INFO bikeCompFollowUp - arrancarDB: Tablas DB creadas
2026-03-01 16:27:56.447 INFO bikeCompFollowUp - arrancarDB: Fin acciones Base de Datos
2026-03-01 16:29:34.516 WARNING bikeCompFollowUp - main: Inicio pyiOS!!!
2026-03-01 16:29:34.611 DEBUG selector_events - __init__: Using selector: KqueueSelector
2026-03-01 16:29:34.771 INFO bikeCompFollowUp - arrancarDB: Successfully Connected to SQLite
2026-03-01 16:29:34.771 INFO bikeCompFollowUp - arrancarDB: Creación Base de Datos y Tablas principales.
2026-03-01 16:29:34.772 INFO bikeCompFollowUp - arrancarDB: Ejecución SQL creación tablas.
2026-03-01 16:29:34.772 INFO bikeCompFollowUp - arrancarDB: Tablas DB creadas
2026-03-01 16:29:34.772 INFO bikeCompFollowUp - arrancarDB: Fin acciones Base de Datos
2026-03-01 16:32:26.609 WARNING bikeCompFollowUp - main: Inicio pyiOS!!!
2026-03-01 16:32:26.700 DEBUG selector_events - __init__: Using selector: KqueueSelector
2026-03-01 16:32:26.874 INFO bikeCompFollowUp - arrancarDB: Successfully Connected to SQLite
2026-03-01 16:32:26.874 INFO bikeCompFollowUp - arrancarDB: Creación Base de Datos y Tablas principales.
2026-03-01 16:32:26.875 INFO bikeCompFollowUp - arrancarDB: Ejecución SQL creación tablas.
2026-03-01 16:32:26.875 INFO bikeCompFollowUp - arrancarDB: Tablas DB creadas
2026-03-01 16:32:26.875 INFO bikeCompFollowUp - arrancarDB: Fin acciones Base de Datos
2026-03-01 16:33:53.624 WARNING bikeCompFollowUp - main: Inicio pyiOS!!!
2026-03-01 16:33:53.715 DEBUG selector_events - __init__: Using selector: KqueueSelector
2026-03-01 16:33:53.878 INFO bikeCompFollowUp - arrancarDB: Successfully Connected to SQLite
2026-03-01 16:33:53.878 INFO bikeCompFollowUp - arrancarDB: Creación Base de Datos y Tablas principales.
2026-03-01 16:33:53.878 INFO bikeCompFollowUp - arrancarDB: Ejecución SQL creación tablas.
2026-03-01 16:33:53.878 INFO bikeCompFollowUp - arrancarDB: Tablas DB creadas
2026-03-01 16:33:53.878 INFO bikeCompFollowUp - arrancarDB: Fin acciones Base de Datos
2026-03-01 16:36:04.366 WARNING bikeCompFollowUp - main: Inicio pyiOS!!!
2026-03-01 16:36:04.460 DEBUG selector_events - __init__: Using selector: KqueueSelector
2026-03-01 16:36:04.632 INFO bikeCompFollowUp - arrancarDB: Successfully Connected to SQLite
2026-03-01 16:36:04.632 INFO bikeCompFollowUp - arrancarDB: Creación Base de Datos y Tablas principales.
2026-03-01 16:36:04.632 INFO bikeCompFollowUp - arrancarDB: Ejecución SQL creación tablas.
2026-03-01 16:36:04.632 INFO bikeCompFollowUp - arrancarDB: Tablas DB creadas
2026-03-01 16:36:04.632 INFO bikeCompFollowUp - arrancarDB: Fin acciones Base de Datos
2026-03-01 16:38:15.355 WARNING bikeCompFollowUp - main: Inicio pyiOS!!!
2026-03-01 16:38:15.479 DEBUG selector_events - __init__: Using selector: KqueueSelector
2026-03-01 16:38:15.652 INFO bikeCompFollowUp - arrancarDB: Successfully Connected to SQLite
2026-03-01 16:38:15.652 INFO bikeCompFollowUp - arrancarDB: Creación Base de Datos y Tablas principales.
2026-03-01 16:38:15.652 INFO bikeCompFollowUp - arrancarDB: Ejecución SQL creación tablas.
2026-03-01 16:38:15.652 INFO bikeCompFollowUp - arrancarDB: Tablas DB creadas
2026-03-01 16:38:15.652 INFO bikeCompFollowUp - arrancarDB: Fin acciones Base de Datos
2026-03-01 16:41:42.445 WARNING bikeCompFollowUp - main: Inicio pyiOS!!!
2026-03-01 16:41:42.544 DEBUG selector_events - __init__: Using selector: KqueueSelector
2026-03-01 16:41:42.719 INFO bikeCompFollowUp - arrancarDB: Successfully Connected to SQLite
2026-03-01 16:41:42.719 INFO bikeCompFollowUp - arrancarDB: Creación Base de Datos y Tablas principales.
2026-03-01 16:41:42.720 INFO bikeCompFollowUp - arrancarDB: Ejecución SQL creación tablas.
2026-03-01 16:41:42.720 INFO bikeCompFollowUp - arrancarDB: Tablas DB creadas
2026-03-01 16:41:42.720 INFO bikeCompFollowUp - arrancarDB: Fin acciones Base de Datos
2026-03-01 16:43:37.657 WARNING bikeCompFollowUp - main: Inicio pyiOS!!!
2026-03-01 16:43:37.756 DEBUG selector_events - __init__: Using selector: KqueueSelector
2026-03-01 16:43:37.941 INFO bikeCompFollowUp - arrancarDB: Successfully Connected to SQLite
2026-03-01 16:43:37.941 INFO bikeCompFollowUp - arrancarDB: Creación Base de Datos y Tablas principales.
2026-03-01 16:43:37.942 INFO bikeCompFollowUp - arrancarDB: Ejecución SQL creación tablas.
2026-03-01 16:43:37.942 INFO bikeCompFollowUp - arrancarDB: Tablas DB creadas
2026-03-01 16:43:37.942 INFO bikeCompFollowUp - arrancarDB: Fin acciones Base de Datos
2026-03-01 16:51:56.697 WARNING bikeCompFollowUp - main: Inicio pyiOS!!!
2026-03-01 16:51:56.806 DEBUG selector_events - __init__: Using selector: KqueueSelector
2026-03-01 16:51:56.986 INFO bikeCompFollowUp - arrancarDB: Successfully Connected to SQLite
2026-03-01 16:51:56.986 INFO bikeCompFollowUp - arrancarDB: Creación Base de Datos y Tablas principales.
2026-03-01 16:51:56.987 INFO bikeCompFollowUp - arrancarDB: Ejecución SQL creación tablas.
2026-03-01 16:51:56.987 INFO bikeCompFollowUp - arrancarDB: Tablas DB creadas
2026-03-01 16:51:56.987 INFO bikeCompFollowUp - arrancarDB: Fin acciones Base de Datos
2026-03-03 12:22:38.239 WARNING bikeCompFollowUp - main: Inicio pyiOS!!!
2026-03-03 12:22:38.406 DEBUG selector_events - __init__: Using selector: KqueueSelector
2026-03-03 12:22:38.709 INFO bikeCompFollowUp - arrancarDB: Successfully Connected to SQLite
2026-03-03 12:22:38.709 INFO bikeCompFollowUp - arrancarDB: Creación Base de Datos y Tablas principales.
2026-03-03 12:22:38.710 INFO bikeCompFollowUp - arrancarDB: Ejecución SQL creación tablas.
2026-03-03 12:22:38.710 INFO bikeCompFollowUp - arrancarDB: Tablas DB creadas
2026-03-03 12:22:38.710 INFO bikeCompFollowUp - arrancarDB: Fin acciones Base de Datos
2026-03-11 12:30:59.611 WARNING bikeCompFollowUp - main: Inicio pyiOS!!!
2026-03-11 12:30:59.789 DEBUG selector_events - __init__: Using selector: KqueueSelector
2026-03-11 12:31:00.063 INFO bikeCompFollowUp - arrancarDB: Successfully Connected to SQLite
2026-03-11 12:31:00.063 INFO bikeCompFollowUp - arrancarDB: Creación Base de Datos y Tablas principales.
2026-03-11 12:31:00.064 INFO bikeCompFollowUp - arrancarDB: Ejecución SQL creación tablas.
2026-03-11 12:31:00.064 INFO bikeCompFollowUp - arrancarDB: Tablas DB creadas
2026-03-11 12:31:00.064 INFO bikeCompFollowUp - arrancarDB: Fin acciones Base de Datos
2026-03-11 12:32:17.121 WARNING bikeCompFollowUp - main: Inicio pyiOS!!!
2026-03-11 12:32:17.199 DEBUG selector_events - __init__: Using selector: KqueueSelector
2026-03-11 12:32:17.370 INFO bikeCompFollowUp - arrancarDB: Successfully Connected to SQLite
2026-03-11 12:32:17.370 INFO bikeCompFollowUp - arrancarDB: Creación Base de Datos y Tablas principales.
2026-03-11 12:32:17.370 INFO bikeCompFollowUp - arrancarDB: Ejecución SQL creación tablas.
2026-03-11 12:32:17.370 INFO bikeCompFollowUp - arrancarDB: Tablas DB creadas
2026-03-11 12:32:17.370 INFO bikeCompFollowUp - arrancarDB: Fin acciones Base de Datos
2026-03-11 12:34:55.272 WARNING bikeCompFollowUp - main: Inicio pyiOS!!!
2026-03-11 12:34:55.370 DEBUG selector_events - __init__: Using selector: KqueueSelector
2026-03-11 12:34:55.547 INFO bikeCompFollowUp - arrancarDB: Successfully Connected to SQLite
2026-03-11 12:34:55.547 INFO bikeCompFollowUp - arrancarDB: Creación Base de Datos y Tablas principales.
2026-03-11 12:34:55.549 INFO bikeCompFollowUp - arrancarDB: Ejecución SQL creación tablas.
2026-03-11 12:34:55.549 INFO bikeCompFollowUp - arrancarDB: Tablas DB creadas
2026-03-11 12:34:55.549 INFO bikeCompFollowUp - arrancarDB: Fin acciones Base de Datos
2026-03-11 12:36:08.126 WARNING bikeCompFollowUp - main: Inicio pyiOS!!!
2026-03-11 12:36:08.230 DEBUG selector_events - __init__: Using selector: KqueueSelector
2026-03-11 12:36:08.408 INFO bikeCompFollowUp - arrancarDB: Successfully Connected to SQLite
2026-03-11 12:36:08.408 INFO bikeCompFollowUp - arrancarDB: Creación Base de Datos y Tablas principales.
2026-03-11 12:36:08.409 INFO bikeCompFollowUp - arrancarDB: Ejecución SQL creación tablas.
2026-03-11 12:36:08.409 INFO bikeCompFollowUp - arrancarDB: Tablas DB creadas
2026-03-11 12:36:08.409 INFO bikeCompFollowUp - arrancarDB: Fin acciones Base de Datos
2026-03-11 12:50:00.390 WARNING bikeCompFollowUp - main: Inicio pyiOS!!!
2026-03-11 12:50:00.576 DEBUG selector_events - __init__: Using selector: KqueueSelector
2026-03-11 12:50:00.965 INFO bikeCompFollowUp - arrancarDB: Successfully Connected to SQLite
2026-03-11 12:50:00.965 INFO bikeCompFollowUp - arrancarDB: Creación Base de Datos y Tablas principales.
2026-03-11 12:50:00.966 INFO bikeCompFollowUp - arrancarDB: Ejecución SQL creación tablas.
2026-03-11 12:50:00.966 INFO bikeCompFollowUp - arrancarDB: Tablas DB creadas
2026-03-11 12:50:00.966 INFO bikeCompFollowUp - arrancarDB: Fin acciones Base de Datos
2026-03-11 12:51:52.971 WARNING bikeCompFollowUp - main: Inicio pyiOS!!!
2026-03-11 12:51:53.071 DEBUG selector_events - __init__: Using selector: KqueueSelector
2026-03-11 12:51:53.243 INFO bikeCompFollowUp - arrancarDB: Successfully Connected to SQLite
2026-03-11 12:51:53.243 INFO bikeCompFollowUp - arrancarDB: Creación Base de Datos y Tablas principales.
2026-03-11 12:51:53.244 INFO bikeCompFollowUp - arrancarDB: Ejecución SQL creación tablas.
2026-03-11 12:51:53.244 INFO bikeCompFollowUp - arrancarDB: Tablas DB creadas
2026-03-11 12:51:53.244 INFO bikeCompFollowUp - arrancarDB: Fin acciones Base de Datos
2026-03-11 12:52:06.124 WARNING bikeCompFollowUp - main: Inicio pyiOS!!!
2026-03-11 12:52:06.201 DEBUG selector_events - __init__: Using selector: KqueueSelector
2026-03-11 12:52:06.360 INFO bikeCompFollowUp - arrancarDB: Successfully Connected to SQLite
2026-03-11 12:52:06.360 INFO bikeCompFollowUp - arrancarDB: Creación Base de Datos y Tablas principales.
2026-03-11 12:52:06.360 INFO bikeCompFollowUp - arrancarDB: Ejecución SQL creación tablas.
2026-03-11 12:52:06.361 INFO bikeCompFollowUp - arrancarDB: Tablas DB creadas
2026-03-11 12:52:06.361 INFO bikeCompFollowUp - arrancarDB: Fin acciones Base de Datos
2026-03-11 12:53:35.123 WARNING bikeCompFollowUp - main: Inicio pyiOS!!!
2026-03-11 12:53:35.218 DEBUG selector_events - __init__: Using selector: KqueueSelector
2026-03-11 12:53:35.376 INFO bikeCompFollowUp - arrancarDB: Successfully Connected to SQLite
2026-03-11 12:53:35.377 INFO bikeCompFollowUp - arrancarDB: Creación Base de Datos y Tablas principales.
2026-03-11 12:53:35.377 INFO bikeCompFollowUp - arrancarDB: Ejecución SQL creación tablas.
2026-03-11 12:53:35.377 INFO bikeCompFollowUp - arrancarDB: Tablas DB creadas
2026-03-11 12:53:35.377 INFO bikeCompFollowUp - arrancarDB: Fin acciones Base de Datos
2026-03-11 12:58:55.659 WARNING bikeCompFollowUp - main: Inicio pyiOS!!!
2026-03-11 12:58:55.756 DEBUG selector_events - __init__: Using selector: KqueueSelector
2026-03-11 12:58:56.002 INFO bikeCompFollowUp - arrancarDB: Successfully Connected to SQLite
2026-03-11 12:58:56.002 INFO bikeCompFollowUp - arrancarDB: Creación Base de Datos y Tablas principales.
2026-03-11 12:58:56.004 INFO bikeCompFollowUp - arrancarDB: Ejecución SQL creación tablas.
2026-03-11 12:58:56.004 INFO bikeCompFollowUp - arrancarDB: Tablas DB creadas
2026-03-11 12:58:56.004 INFO bikeCompFollowUp - arrancarDB: Fin acciones Base de Datos
2026-03-11 12:59:35.696 WARNING bikeCompFollowUp - main: Inicio pyiOS!!!
2026-03-11 12:59:35.776 DEBUG selector_events - __init__: Using selector: KqueueSelector
2026-03-11 12:59:35.933 INFO bikeCompFollowUp - arrancarDB: Successfully Connected to SQLite
2026-03-11 12:59:35.933 INFO bikeCompFollowUp - arrancarDB: Creación Base de Datos y Tablas principales.
2026-03-11 12:59:35.934 INFO bikeCompFollowUp - arrancarDB: Ejecución SQL creación tablas.
2026-03-11 12:59:35.935 INFO bikeCompFollowUp - arrancarDB: Tablas DB creadas
2026-03-11 12:59:35.935 INFO bikeCompFollowUp - arrancarDB: Fin acciones Base de Datos
2026-03-11 13:09:18.945 WARNING bikeCompFollowUp - main: Inicio pyiOS!!!
2026-03-11 13:09:19.040 DEBUG selector_events - __init__: Using selector: KqueueSelector
2026-03-11 13:09:19.217 INFO bikeCompFollowUp - arrancarDB: Successfully Connected to SQLite
2026-03-11 13:09:19.217 INFO bikeCompFollowUp - arrancarDB: Creación Base de Datos y Tablas principales.
2026-03-11 13:09:19.218 INFO bikeCompFollowUp - arrancarDB: Ejecución SQL creación tablas.
2026-03-11 13:09:19.218 INFO bikeCompFollowUp - arrancarDB: Tablas DB creadas
2026-03-11 13:09:19.218 INFO bikeCompFollowUp - arrancarDB: Fin acciones Base de Datos
2026-03-11 13:10:34.238 WARNING bikeCompFollowUp - main: Inicio pyiOS!!!
2026-03-11 13:10:34.330 DEBUG selector_events - __init__: Using selector: KqueueSelector
2026-03-11 13:10:34.503 INFO bikeCompFollowUp - arrancarDB: Successfully Connected to SQLite
2026-03-11 13:10:34.503 INFO bikeCompFollowUp - arrancarDB: Creación Base de Datos y Tablas principales.
2026-03-11 13:10:34.504 INFO bikeCompFollowUp - arrancarDB: Ejecución SQL creación tablas.
2026-03-11 13:10:34.504 INFO bikeCompFollowUp - arrancarDB: Tablas DB creadas
2026-03-11 13:10:34.504 INFO bikeCompFollowUp - arrancarDB: Fin acciones Base de Datos
2026-03-11 13:14:38.486 WARNING bikeCompFollowUp - main: Inicio pyiOS!!!
2026-03-11 13:14:38.580 DEBUG selector_events - __init__: Using selector: KqueueSelector
2026-03-11 13:14:38.750 INFO bikeCompFollowUp - arrancarDB: Successfully Connected to SQLite
2026-03-11 13:14:38.751 INFO bikeCompFollowUp - arrancarDB: Creación Base de Datos y Tablas principales.
2026-03-11 13:14:38.752 INFO bikeCompFollowUp - arrancarDB: Ejecución SQL creación tablas.
2026-03-11 13:14:38.752 INFO bikeCompFollowUp - arrancarDB: Tablas DB creadas
2026-03-11 13:14:38.752 INFO bikeCompFollowUp - arrancarDB: Fin acciones Base de Datos
2026-03-11 13:15:22.380 WARNING bikeCompFollowUp - main: Inicio pyiOS!!!
2026-03-11 13:15:22.478 DEBUG selector_events - __init__: Using selector: KqueueSelector
2026-03-11 13:15:22.650 INFO bikeCompFollowUp - arrancarDB: Successfully Connected to SQLite
2026-03-11 13:15:22.650 INFO bikeCompFollowUp - arrancarDB: Creación Base de Datos y Tablas principales.
2026-03-11 13:15:22.652 INFO bikeCompFollowUp - arrancarDB: Ejecución SQL creación tablas.
2026-03-11 13:15:22.652 INFO bikeCompFollowUp - arrancarDB: Tablas DB creadas
2026-03-11 13:15:22.652 INFO bikeCompFollowUp - arrancarDB: Fin acciones Base de Datos
2026-03-11 13:16:32.690 WARNING bikeCompFollowUp - main: Inicio pyiOS!!!
2026-03-11 13:16:32.795 DEBUG selector_events - __init__: Using selector: KqueueSelector
2026-03-11 13:16:32.970 INFO bikeCompFollowUp - arrancarDB: Successfully Connected to SQLite
2026-03-11 13:16:32.970 INFO bikeCompFollowUp - arrancarDB: Creación Base de Datos y Tablas principales.
2026-03-11 13:16:32.971 INFO bikeCompFollowUp - arrancarDB: Ejecución SQL creación tablas.
2026-03-11 13:16:32.972 INFO bikeCompFollowUp - arrancarDB: Tablas DB creadas
2026-03-11 13:16:32.972 INFO bikeCompFollowUp - arrancarDB: Fin acciones Base de Datos
2026-03-11 15:15:39.488 WARNING bikeCompFollowUp - main: Inicio pyiOS!!!
2026-03-11 15:15:39.641 DEBUG selector_events - __init__: Using selector: KqueueSelector
2026-03-11 15:15:40.021 INFO bikeCompFollowUp - arrancarDB: Successfully Connected to SQLite
2026-03-11 15:15:40.021 INFO bikeCompFollowUp - arrancarDB: Creación Base de Datos y Tablas principales.
2026-03-11 15:15:40.022 INFO bikeCompFollowUp - arrancarDB: Ejecución SQL creación tablas.
2026-03-11 15:15:40.022 INFO bikeCompFollowUp - arrancarDB: Tablas DB creadas
2026-03-11 15:15:40.022 INFO bikeCompFollowUp - arrancarDB: Fin acciones Base de Datos
2026-03-11 15:15:40.057 WARNING warnings - _showwarnmsg: <string>:31: DeprecationWarning: Pack.padding is deprecated. Use Pack.margin instead.

2026-03-11 15:21:30.830 WARNING bikeCompFollowUp - main: Inicio pyiOS!!!
2026-03-11 15:21:30.905 DEBUG selector_events - __init__: Using selector: KqueueSelector
2026-03-11 15:21:31.101 INFO bikeCompFollowUp - arrancarDB: Successfully Connected to SQLite
2026-03-11 15:21:31.101 INFO bikeCompFollowUp - arrancarDB: Creación Base de Datos y Tablas principales.
2026-03-11 15:21:31.102 INFO bikeCompFollowUp - arrancarDB: Ejecución SQL creación tablas.
2026-03-11 15:21:31.102 INFO bikeCompFollowUp - arrancarDB: Tablas DB creadas
2026-03-11 15:21:31.102 INFO bikeCompFollowUp - arrancarDB: Fin acciones Base de Datos
2026-03-11 15:21:31.135 WARNING warnings - _showwarnmsg: <string>:31: DeprecationWarning: Pack.padding is deprecated. Use Pack.margin instead.

2026-03-11 15:26:07.916 WARNING bikeCompFollowUp - main: Inicio pyiOS!!!
2026-03-11 15:26:07.984 DEBUG selector_events - __init__: Using selector: KqueueSelector
2026-03-11 15:26:08.152 INFO bikeCompFollowUp - arrancarDB: Successfully Connected to SQLite
2026-03-11 15:26:08.152 INFO bikeCompFollowUp - arrancarDB: Creación Base de Datos y Tablas principales.
2026-03-11 15:26:08.152 INFO bikeCompFollowUp - arrancarDB: Ejecución SQL creación tablas.
2026-03-11 15:26:08.153 INFO bikeCompFollowUp - arrancarDB: Tablas DB creadas
2026-03-11 15:26:08.153 INFO bikeCompFollowUp - arrancarDB: Fin acciones Base de Datos
2026-03-11 15:26:08.184 WARNING warnings - _showwarnmsg: <string>:31: DeprecationWarning: Pack.padding is deprecated. Use Pack.margin instead.

2026-03-11 15:26:12.624 WARNING protocol - _check_credentials: Please make sure your STRAVA_CLIENT_ID is set in your environment.Add SILENCE_TOKEN_WARNINGS=true to your environment to disable this error.
2026-03-11 15:26:12.625 WARNING protocol - _check_credentials: STRAVA_CLIENT_ID and STRAVA_CLIENT_SECRET not found in your  environment. Please refresh your access_token manually. Or add STRAVA_CLIENT_ID and STRAVA_CLIENT_SECRET to your environment.Add SILENCE_TOKEN_WARNINGS=true to your environment to silence this warning.
2026-03-11 15:26:28.057 INFO protocol - _request: POST 'https://www.strava.com/oauth/token' with params {'client_id': '207382', 'client_secret': '985eda0742ae656cfc1908cfd92767451eb3d490', 'code': '1267158f9c2b2e4ccdf084e08f349dd8a28e841c', 'grant_type': 'authorization_code'}
2026-03-11 15:26:28.101 DEBUG connectionpool - _new_conn: Starting new HTTPS connection (1): www.strava.com:443
2026-03-11 15:26:28.373 DEBUG connectionpool - _make_request: https://www.strava.com:443 "POST /oauth/token?client_id=207382&client_secret=985eda0742ae656cfc1908cfd92767451eb3d490&code=1267158f9c2b2e4ccdf084e08f349dd8a28e841c&grant_type=authorization_code HTTP/1.1" 200 None
2026-03-11 15:26:28.375 DEBUG limiter - __call__: Throttling based on rates: None
2026-03-11 15:26:28.375 WARNING limiter - __call__: No rates present in response headers
2026-03-11 15:26:28.378 INFO protocol - _request: GET 'https://www.strava.com/api/v3/athlete' with params {}
2026-03-11 15:26:28.639 DEBUG connectionpool - _make_request: https://www.strava.com:443 "GET /api/v3/athlete?access_token=6d0025477bab842cf0a16cb44a2cb0736d04449f HTTP/1.1" 200 None
2026-03-11 15:26:28.640 DEBUG limiter - __call__: Throttling based on rates: RequestRate(short_usage=1, long_usage=1, short_limit=100, long_limit=1000)
2026-03-11 15:31:28.449 WARNING bikeCompFollowUp - main: Inicio pyiOS!!!
2026-03-11 15:31:28.529 DEBUG selector_events - __init__: Using selector: KqueueSelector
2026-03-11 15:31:28.718 INFO bikeCompFollowUp - arrancarDB: Successfully Connected to SQLite
2026-03-11 15:31:28.718 INFO bikeCompFollowUp - arrancarDB: Creación Base de Datos y Tablas principales.
2026-03-11 15:31:28.719 INFO bikeCompFollowUp - arrancarDB: Ejecución SQL creación tablas.
2026-03-11 15:31:28.719 INFO bikeCompFollowUp - arrancarDB: Tablas DB creadas
2026-03-11 15:31:28.719 INFO bikeCompFollowUp - arrancarDB: Fin acciones Base de Datos
2026-03-11 15:31:28.754 WARNING warnings - _showwarnmsg: <string>:31: DeprecationWarning: Pack.padding is deprecated. Use Pack.margin instead.

2026-03-11 15:31:31.764 WARNING protocol - _check_credentials: Please make sure your STRAVA_CLIENT_ID is set in your environment.Add SILENCE_TOKEN_WARNINGS=true to your environment to disable this error.
2026-03-11 15:31:31.765 WARNING protocol - _check_credentials: STRAVA_CLIENT_ID and STRAVA_CLIENT_SECRET not found in your  environment. Please refresh your access_token manually. Or add STRAVA_CLIENT_ID and STRAVA_CLIENT_SECRET to your environment.Add SILENCE_TOKEN_WARNINGS=true to your environment to silence this warning.
2026-03-11 15:31:44.268 INFO protocol - _request: POST 'https://www.strava.com/oauth/token' with params {'client_id': '207382', 'client_secret': '985eda0742ae656cfc1908cfd92767451eb3d490', 'code': 'b607612e42e14bd32c6809e7b9bc86aaf83bbe5c', 'grant_type': 'authorization_code'}
2026-03-11 15:31:44.311 DEBUG connectionpool - _new_conn: Starting new HTTPS connection (1): www.strava.com:443
2026-03-11 15:31:44.578 DEBUG connectionpool - _make_request: https://www.strava.com:443 "POST /oauth/token?client_id=207382&client_secret=985eda0742ae656cfc1908cfd92767451eb3d490&code=b607612e42e14bd32c6809e7b9bc86aaf83bbe5c&grant_type=authorization_code HTTP/1.1" 200 None
2026-03-11 15:31:44.580 DEBUG limiter - __call__: Throttling based on rates: None
2026-03-11 15:31:44.580 WARNING limiter - __call__: No rates present in response headers
2026-03-11 15:31:44.584 INFO protocol - _request: GET 'https://www.strava.com/api/v3/athlete' with params {}
2026-03-11 15:31:44.897 DEBUG connectionpool - _make_request: https://www.strava.com:443 "GET /api/v3/athlete?access_token=6d0025477bab842cf0a16cb44a2cb0736d04449f HTTP/1.1" 200 None
2026-03-11 15:31:44.898 DEBUG limiter - __call__: Throttling based on rates: RequestRate(short_usage=1, long_usage=2, short_limit=100, long_limit=1000)
2026-03-11 15:54:56.134 WARNING bikeCompFollowUp - main: Inicio pyiOS!!!
2026-03-11 15:54:56.232 DEBUG selector_events - __init__: Using selector: KqueueSelector
2026-03-11 15:54:56.493 INFO bikeCompFollowUp - arrancarDB: Successfully Connected to SQLite
2026-03-11 15:54:56.493 INFO bikeCompFollowUp - arrancarDB: Creación Base de Datos y Tablas principales.
2026-03-11 15:54:56.494 INFO bikeCompFollowUp - arrancarDB: Ejecución SQL creación tablas.
2026-03-11 15:54:56.494 INFO bikeCompFollowUp - arrancarDB: Tablas DB creadas
2026-03-11 15:54:56.494 INFO bikeCompFollowUp - arrancarDB: Fin acciones Base de Datos
2026-03-11 15:54:56.528 WARNING warnings - _showwarnmsg: <string>:31: DeprecationWarning: Pack.padding is deprecated. Use Pack.margin instead.

2026-03-11 15:54:59.496 WARNING protocol - _check_credentials: Please make sure your STRAVA_CLIENT_ID is set in your environment.Add SILENCE_TOKEN_WARNINGS=true to your environment to disable this error.
2026-03-11 15:54:59.496 WARNING protocol - _check_credentials: STRAVA_CLIENT_ID and STRAVA_CLIENT_SECRET not found in your  environment. Please refresh your access_token manually. Or add STRAVA_CLIENT_ID and STRAVA_CLIENT_SECRET to your environment.Add SILENCE_TOKEN_WARNINGS=true to your environment to silence this warning.
2026-03-11 15:55:11.323 INFO protocol - _request: POST 'https://www.strava.com/oauth/token' with params {'client_id': '207382', 'client_secret': '985eda0742ae656cfc1908cfd92767451eb3d490', 'code': 'fe9b8bca9ac46498e22daa07563ae3f11f64293a', 'grant_type': 'authorization_code'}
2026-03-11 15:55:11.366 DEBUG connectionpool - _new_conn: Starting new HTTPS connection (1): www.strava.com:443
2026-03-11 15:55:11.698 DEBUG connectionpool - _make_request: https://www.strava.com:443 "POST /oauth/token?client_id=207382&client_secret=985eda0742ae656cfc1908cfd92767451eb3d490&code=fe9b8bca9ac46498e22daa07563ae3f11f64293a&grant_type=authorization_code HTTP/1.1" 200 None
2026-03-11 15:55:11.699 DEBUG limiter - __call__: Throttling based on rates: None
2026-03-11 15:55:11.699 WARNING limiter - __call__: No rates present in response headers
2026-03-11 15:55:11.702 INFO protocol - _request: GET 'https://www.strava.com/api/v3/athlete' with params {}
2026-03-11 15:55:12.202 DEBUG connectionpool - _make_request: https://www.strava.com:443 "GET /api/v3/athlete?access_token=6d0025477bab842cf0a16cb44a2cb0736d04449f HTTP/1.1" 200 None
2026-03-11 15:55:12.203 DEBUG limiter - __call__: Throttling based on rates: RequestRate(short_usage=1, long_usage=3, short_limit=100, long_limit=1000)
2026-03-11 15:58:43.236 WARNING bikeCompFollowUp - main: Inicio pyiOS!!!
2026-03-11 15:58:43.311 DEBUG selector_events - __init__: Using selector: KqueueSelector
2026-03-11 15:58:43.508 INFO bikeCompFollowUp - arrancarDB: Successfully Connected to SQLite
2026-03-11 15:58:43.508 INFO bikeCompFollowUp - arrancarDB: Creación Base de Datos y Tablas principales.
2026-03-11 15:58:43.509 INFO bikeCompFollowUp - arrancarDB: Ejecución SQL creación tablas.
2026-03-11 15:58:43.509 INFO bikeCompFollowUp - arrancarDB: Tablas DB creadas
2026-03-11 15:58:43.509 INFO bikeCompFollowUp - arrancarDB: Fin acciones Base de Datos
2026-03-11 15:58:43.542 WARNING warnings - _showwarnmsg: <string>:31: DeprecationWarning: Pack.padding is deprecated. Use Pack.margin instead.

2026-03-11 15:58:46.004 WARNING protocol - _check_credentials: Please make sure your STRAVA_CLIENT_ID is set in your environment.Add SILENCE_TOKEN_WARNINGS=true to your environment to disable this error.
2026-03-11 15:58:46.004 WARNING protocol - _check_credentials: STRAVA_CLIENT_ID and STRAVA_CLIENT_SECRET not found in your  environment. Please refresh your access_token manually. Or add STRAVA_CLIENT_ID and STRAVA_CLIENT_SECRET to your environment.Add SILENCE_TOKEN_WARNINGS=true to your environment to silence this warning.
2026-03-11 15:59:03.495 INFO protocol - _request: POST 'https://www.strava.com/oauth/token' with params {'client_id': '207382', 'client_secret': '985eda0742ae656cfc1908cfd92767451eb3d490', 'code': '7b4d39629eb9de12d9ca58f817e22c518b9d5812', 'grant_type': 'authorization_code'}
2026-03-11 15:59:03.534 DEBUG connectionpool - _new_conn: Starting new HTTPS connection (1): www.strava.com:443
2026-03-11 15:59:03.796 DEBUG connectionpool - _make_request: https://www.strava.com:443 "POST /oauth/token?client_id=207382&client_secret=985eda0742ae656cfc1908cfd92767451eb3d490&code=7b4d39629eb9de12d9ca58f817e22c518b9d5812&grant_type=authorization_code HTTP/1.1" 200 None
2026-03-11 15:59:03.798 DEBUG limiter - __call__: Throttling based on rates: None
2026-03-11 15:59:03.798 WARNING limiter - __call__: No rates present in response headers
2026-03-11 15:59:03.801 INFO protocol - _request: GET 'https://www.strava.com/api/v3/athlete' with params {}
2026-03-11 15:59:04.316 DEBUG connectionpool - _make_request: https://www.strava.com:443 "GET /api/v3/athlete?access_token=6d0025477bab842cf0a16cb44a2cb0736d04449f HTTP/1.1" 200 None
2026-03-11 15:59:04.318 DEBUG limiter - __call__: Throttling based on rates: RequestRate(short_usage=2, long_usage=4, short_limit=100, long_limit=1000)
2026-03-11 16:04:41.084 WARNING bikeCompFollowUp - main: Inicio pyiOS!!!
2026-03-11 16:04:41.160 DEBUG selector_events - __init__: Using selector: KqueueSelector
2026-03-11 16:04:41.364 INFO bikeCompFollowUp - arrancarDB: Successfully Connected to SQLite
2026-03-11 16:04:41.364 INFO bikeCompFollowUp - arrancarDB: Creación Base de Datos y Tablas principales.
2026-03-11 16:04:41.364 INFO bikeCompFollowUp - arrancarDB: Ejecución SQL creación tablas.
2026-03-11 16:04:41.364 INFO bikeCompFollowUp - arrancarDB: Tablas DB creadas
2026-03-11 16:04:41.364 INFO bikeCompFollowUp - arrancarDB: Fin acciones Base de Datos
2026-03-11 16:04:41.398 WARNING warnings - _showwarnmsg: <string>:31: DeprecationWarning: Pack.padding is deprecated. Use Pack.margin instead.

2026-03-11 16:04:44.258 WARNING protocol - _check_credentials: Please make sure your STRAVA_CLIENT_ID is set in your environment.Add SILENCE_TOKEN_WARNINGS=true to your environment to disable this error.
2026-03-11 16:04:44.259 WARNING protocol - _check_credentials: STRAVA_CLIENT_ID and STRAVA_CLIENT_SECRET not found in your  environment. Please refresh your access_token manually. Or add STRAVA_CLIENT_ID and STRAVA_CLIENT_SECRET to your environment.Add SILENCE_TOKEN_WARNINGS=true to your environment to silence this warning.
2026-03-11 16:04:56.761 INFO protocol - _request: POST 'https://www.strava.com/oauth/token' with params {'client_id': '207382', 'client_secret': '985eda0742ae656cfc1908cfd92767451eb3d490', 'code': '0605998fa22372ffbac22da2175e871a365f24cb', 'grant_type': 'authorization_code'}
2026-03-11 16:04:56.819 DEBUG connectionpool - _new_conn: Starting new HTTPS connection (1): www.strava.com:443
2026-03-11 16:04:57.061 DEBUG connectionpool - _make_request: https://www.strava.com:443 "POST /oauth/token?client_id=207382&client_secret=985eda0742ae656cfc1908cfd92767451eb3d490&code=0605998fa22372ffbac22da2175e871a365f24cb&grant_type=authorization_code HTTP/1.1" 200 None
2026-03-11 16:04:57.063 DEBUG limiter - __call__: Throttling based on rates: None
2026-03-11 16:04:57.063 WARNING limiter - __call__: No rates present in response headers
2026-03-11 16:04:57.065 INFO protocol - _request: GET 'https://www.strava.com/api/v3/athlete' with params {}
2026-03-11 16:04:57.500 DEBUG connectionpool - _make_request: https://www.strava.com:443 "GET /api/v3/athlete?access_token=6d0025477bab842cf0a16cb44a2cb0736d04449f HTTP/1.1" 200 None
2026-03-11 16:04:57.501 DEBUG limiter - __call__: Throttling based on rates: RequestRate(short_usage=1, long_usage=5, short_limit=100, long_limit=1000)
2026-03-11 16:05:43.587 WARNING bikeCompFollowUp - main: Inicio pyiOS!!!
2026-03-11 16:05:43.658 DEBUG selector_events - __init__: Using selector: KqueueSelector
2026-03-11 16:05:43.845 INFO bikeCompFollowUp - arrancarDB: Successfully Connected to SQLite
2026-03-11 16:05:43.845 INFO bikeCompFollowUp - arrancarDB: Creación Base de Datos y Tablas principales.
2026-03-11 16:05:43.845 INFO bikeCompFollowUp - arrancarDB: Ejecución SQL creación tablas.
2026-03-11 16:05:43.845 INFO bikeCompFollowUp - arrancarDB: Tablas DB creadas
2026-03-11 16:05:43.845 INFO bikeCompFollowUp - arrancarDB: Fin acciones Base de Datos
2026-03-11 16:05:43.878 WARNING warnings - _showwarnmsg: <string>:31: DeprecationWarning: Pack.padding is deprecated. Use Pack.margin instead.

2026-03-11 16:05:46.926 WARNING protocol - _check_credentials: Please make sure your STRAVA_CLIENT_ID is set in your environment.Add SILENCE_TOKEN_WARNINGS=true to your environment to disable this error.
2026-03-11 16:05:46.926 WARNING protocol - _check_credentials: STRAVA_CLIENT_ID and STRAVA_CLIENT_SECRET not found in your  environment. Please refresh your access_token manually. Or add STRAVA_CLIENT_ID and STRAVA_CLIENT_SECRET to your environment.Add SILENCE_TOKEN_WARNINGS=true to your environment to silence this warning.
2026-03-11 16:06:00.674 INFO protocol - _request: POST 'https://www.strava.com/oauth/token' with params {'client_id': '207382', 'client_secret': '985eda0742ae656cfc1908cfd92767451eb3d490', 'code': 'fc07e531cc2b14439e5cbd382d22f78b127b276b', 'grant_type': 'authorization_code'}
2026-03-11 16:06:00.681 DEBUG connectionpool - _new_conn: Starting new HTTPS connection (1): www.strava.com:443
2026-03-11 16:06:01.100 DEBUG connectionpool - _make_request: https://www.strava.com:443 "POST /oauth/token?client_id=207382&client_secret=985eda0742ae656cfc1908cfd92767451eb3d490&code=fc07e531cc2b14439e5cbd382d22f78b127b276b&grant_type=authorization_code HTTP/1.1" 200 None
2026-03-11 16:06:01.100 DEBUG limiter - __call__: Throttling based on rates: None
2026-03-11 16:06:01.100 WARNING limiter - __call__: No rates present in response headers
2026-03-11 16:06:01.102 INFO protocol - _request: GET 'https://www.strava.com/api/v3/athlete' with params {}
2026-03-11 16:06:01.391 DEBUG connectionpool - _make_request: https://www.strava.com:443 "GET /api/v3/athlete?access_token=6d0025477bab842cf0a16cb44a2cb0736d04449f HTTP/1.1" 200 None
2026-03-11 16:06:01.392 DEBUG limiter - __call__: Throttling based on rates: RequestRate(short_usage=2, long_usage=6, short_limit=100, long_limit=1000)
2026-03-11 16:08:22.314 WARNING bikeCompFollowUp - main: Inicio pyiOS!!!
2026-03-11 16:08:22.385 DEBUG selector_events - __init__: Using selector: KqueueSelector
2026-03-11 16:08:22.569 INFO bikeCompFollowUp - arrancarDB: Successfully Connected to SQLite
2026-03-11 16:08:22.569 INFO bikeCompFollowUp - arrancarDB: Creación Base de Datos y Tablas principales.
2026-03-11 16:08:22.570 INFO bikeCompFollowUp - arrancarDB: Ejecución SQL creación tablas.
2026-03-11 16:08:22.570 INFO bikeCompFollowUp - arrancarDB: Tablas DB creadas
2026-03-11 16:08:22.570 INFO bikeCompFollowUp - arrancarDB: Fin acciones Base de Datos
2026-03-11 16:08:22.602 WARNING warnings - _showwarnmsg: <string>:31: DeprecationWarning: Pack.padding is deprecated. Use Pack.margin instead.

2026-03-11 16:08:25.246 WARNING protocol - _check_credentials: Please make sure your STRAVA_CLIENT_ID is set in your environment.Add SILENCE_TOKEN_WARNINGS=true to your environment to disable this error.
2026-03-11 16:08:25.247 WARNING protocol - _check_credentials: STRAVA_CLIENT_ID and STRAVA_CLIENT_SECRET not found in your  environment. Please refresh your access_token manually. Or add STRAVA_CLIENT_ID and STRAVA_CLIENT_SECRET to your environment.Add SILENCE_TOKEN_WARNINGS=true to your environment to silence this warning.
2026-03-11 16:08:36.655 INFO protocol - _request: POST 'https://www.strava.com/oauth/token' with params {'client_id': '207382', 'client_secret': '985eda0742ae656cfc1908cfd92767451eb3d490', 'code': '24c57f0c81752e936e58442385d27749a02025fe', 'grant_type': 'authorization_code'}
2026-03-11 16:08:36.716 DEBUG connectionpool - _new_conn: Starting new HTTPS connection (1): www.strava.com:443
2026-03-11 16:08:36.960 DEBUG connectionpool - _make_request: https://www.strava.com:443 "POST /oauth/token?client_id=207382&client_secret=985eda0742ae656cfc1908cfd92767451eb3d490&code=24c57f0c81752e936e58442385d27749a02025fe&grant_type=authorization_code HTTP/1.1" 200 None
2026-03-11 16:08:36.962 DEBUG limiter - __call__: Throttling based on rates: None
2026-03-11 16:08:36.962 WARNING limiter - __call__: No rates present in response headers
2026-03-11 16:08:36.965 INFO protocol - _request: GET 'https://www.strava.com/api/v3/athlete' with params {}
2026-03-11 16:08:37.355 DEBUG connectionpool - _make_request: https://www.strava.com:443 "GET /api/v3/athlete?access_token=6d0025477bab842cf0a16cb44a2cb0736d04449f HTTP/1.1" 200 None
2026-03-11 16:08:37.356 DEBUG limiter - __call__: Throttling based on rates: RequestRate(short_usage=3, long_usage=7, short_limit=100, long_limit=1000)
2026-03-11 16:08:37.360 INFO protocol - _request: GET 'https://www.strava.com/api/v3/athlete/activities' with params {'before': 1767139200, 'after': None, 'page': 1, 'per_page': 200}
2026-03-11 16:08:42.234 DEBUG connectionpool - _make_request: https://www.strava.com:443 "GET /api/v3/athlete/activities?before=1767139200&page=1&per_page=200&access_token=6d0025477bab842cf0a16cb44a2cb0736d04449f HTTP/1.1" 200 None
2026-03-11 16:08:42.335 DEBUG limiter - __call__: Throttling based on rates: RequestRate(short_usage=4, long_usage=8, short_limit=100, long_limit=1000)
2026-03-11 16:08:42.351 DEBUG client - _fill_buffer: Requested page 1 (got: 200 items)
2026-03-11 16:08:42.352 INFO protocol - _request: GET 'https://www.strava.com/api/v3/athlete/activities' with params {'before': 1767139200, 'after': None, 'page': 2, 'per_page': 200}
2026-03-11 16:08:47.393 DEBUG connectionpool - _make_request: https://www.strava.com:443 "GET /api/v3/athlete/activities?before=1767139200&page=2&per_page=200&access_token=6d0025477bab842cf0a16cb44a2cb0736d04449f HTTP/1.1" 200 None
2026-03-11 16:08:47.403 DEBUG limiter - __call__: Throttling based on rates: RequestRate(short_usage=5, long_usage=9, short_limit=100, long_limit=1000)
2026-03-11 16:08:47.418 DEBUG client - _fill_buffer: Requested page 2 (got: 200 items)
2026-03-11 16:08:47.419 INFO protocol - _request: GET 'https://www.strava.com/api/v3/athlete/activities' with params {'before': 1767139200, 'after': None, 'page': 3, 'per_page': 200}
2026-03-11 16:08:53.624 DEBUG connectionpool - _make_request: https://www.strava.com:443 "GET /api/v3/athlete/activities?before=1767139200&page=3&per_page=200&access_token=6d0025477bab842cf0a16cb44a2cb0736d04449f HTTP/1.1" 200 None
2026-03-11 16:08:53.723 DEBUG limiter - __call__: Throttling based on rates: RequestRate(short_usage=6, long_usage=10, short_limit=100, long_limit=1000)
2026-03-11 16:08:53.739 DEBUG client - _fill_buffer: Requested page 3 (got: 200 items)
2026-03-11 16:08:53.739 INFO protocol - _request: GET 'https://www.strava.com/api/v3/athlete/activities' with params {'before': 1767139200, 'after': None, 'page': 4, 'per_page': 200}
2026-03-11 16:09:00.001 DEBUG connectionpool - _make_request: https://www.strava.com:443 "GET /api/v3/athlete/activities?before=1767139200&page=4&per_page=200&access_token=6d0025477bab842cf0a16cb44a2cb0736d04449f HTTP/1.1" 200 None
2026-03-11 16:09:00.011 DEBUG limiter - __call__: Throttling based on rates: RequestRate(short_usage=7, long_usage=11, short_limit=100, long_limit=1000)
2026-03-11 16:09:00.022 DEBUG client - _fill_buffer: Requested page 4 (got: 200 items)
2026-03-11 16:09:00.022 INFO protocol - _request: GET 'https://www.strava.com/api/v3/athlete/activities' with params {'before': 1767139200, 'after': None, 'page': 5, 'per_page': 200}
2026-03-11 16:09:07.769 DEBUG connectionpool - _make_request: https://www.strava.com:443 "GET /api/v3/athlete/activities?before=1767139200&page=5&per_page=200&access_token=6d0025477bab842cf0a16cb44a2cb0736d04449f HTTP/1.1" 200 None
2026-03-11 16:09:07.772 DEBUG limiter - __call__: Throttling based on rates: RequestRate(short_usage=8, long_usage=12, short_limit=100, long_limit=1000)
2026-03-11 16:09:07.784 DEBUG client - _fill_buffer: Requested page 5 (got: 200 items)
2026-03-11 16:09:07.785 INFO protocol - _request: GET 'https://www.strava.com/api/v3/athlete/activities' with params {'before': 1767139200, 'after': None, 'page': 6, 'per_page': 200}
2026-03-11 16:09:09.813 DEBUG connectionpool - _make_request: https://www.strava.com:443 "GET /api/v3/athlete/activities?before=1767139200&page=6&per_page=200&access_token=6d0025477bab842cf0a16cb44a2cb0736d04449f HTTP/1.1" 200 None
2026-03-11 16:09:09.910 DEBUG limiter - __call__: Throttling based on rates: RequestRate(short_usage=9, long_usage=13, short_limit=100, long_limit=1000)
2026-03-11 16:09:09.916 DEBUG client - _fill_buffer: Requested page 6 (got: 48 items)
2026-03-11 16:09:09.916 INFO protocol - _request: GET 'https://www.strava.com/api/v3/athlete/activities' with params {'before': 1773245317, 'after': None, 'page': 1, 'per_page': 200}
2026-03-11 16:09:12.951 DEBUG connectionpool - _make_request: https://www.strava.com:443 "GET /api/v3/athlete/activities?before=1773245317&page=1&per_page=200&access_token=6d0025477bab842cf0a16cb44a2cb0736d04449f HTTP/1.1" 200 None
2026-03-11 16:09:13.056 DEBUG limiter - __call__: Throttling based on rates: RequestRate(short_usage=10, long_usage=14, short_limit=100, long_limit=1000)
2026-03-11 16:09:13.068 DEBUG client - _fill_buffer: Requested page 1 (got: 200 items)
2026-03-11 16:09:13.069 INFO protocol - _request: GET 'https://www.strava.com/api/v3/athlete/activities' with params {'before': 1773245317, 'after': None, 'page': 2, 'per_page': 200}
2026-03-11 16:09:15.419 DEBUG connectionpool - _make_request: https://www.strava.com:443 "GET /api/v3/athlete/activities?before=1773245317&page=2&per_page=200&access_token=6d0025477bab842cf0a16cb44a2cb0736d04449f HTTP/1.1" 200 None
2026-03-11 16:09:15.424 DEBUG limiter - __call__: Throttling based on rates: RequestRate(short_usage=11, long_usage=15, short_limit=100, long_limit=1000)
2026-03-11 16:09:15.437 DEBUG client - _fill_buffer: Requested page 2 (got: 200 items)
2026-03-11 16:09:15.437 INFO protocol - _request: GET 'https://www.strava.com/api/v3/athlete/activities' with params {'before': 1773245317, 'after': None, 'page': 3, 'per_page': 200}
2026-03-11 16:09:19.200 DEBUG connectionpool - _make_request: https://www.strava.com:443 "GET /api/v3/athlete/activities?before=1773245317&page=3&per_page=200&access_token=6d0025477bab842cf0a16cb44a2cb0736d04449f HTTP/1.1" 200 None
2026-03-11 16:09:19.207 DEBUG limiter - __call__: Throttling based on rates: RequestRate(short_usage=12, long_usage=16, short_limit=100, long_limit=1000)
2026-03-11 16:09:19.224 DEBUG client - _fill_buffer: Requested page 3 (got: 200 items)
2026-03-11 16:09:19.225 INFO protocol - _request: GET 'https://www.strava.com/api/v3/athlete/activities' with params {'before': 1773245317, 'after': None, 'page': 4, 'per_page': 200}
2026-03-11 16:09:22.585 DEBUG connectionpool - _make_request: https://www.strava.com:443 "GET /api/v3/athlete/activities?before=1773245317&page=4&per_page=200&access_token=6d0025477bab842cf0a16cb44a2cb0736d04449f HTTP/1.1" 200 None
2026-03-11 16:09:22.631 DEBUG limiter - __call__: Throttling based on rates: RequestRate(short_usage=13, long_usage=17, short_limit=100, long_limit=1000)
2026-03-11 16:09:22.645 DEBUG client - _fill_buffer: Requested page 4 (got: 200 items)
2026-03-11 16:09:22.645 INFO protocol - _request: GET 'https://www.strava.com/api/v3/athlete/activities' with params {'before': 1773245317, 'after': None, 'page': 5, 'per_page': 200}
2026-03-11 16:09:28.457 DEBUG connectionpool - _make_request: https://www.strava.com:443 "GET /api/v3/athlete/activities?before=1773245317&page=5&per_page=200&access_token=6d0025477bab842cf0a16cb44a2cb0736d04449f HTTP/1.1" 200 None
2026-03-11 16:09:28.630 DEBUG limiter - __call__: Throttling based on rates: RequestRate(short_usage=14, long_usage=18, short_limit=100, long_limit=1000)
2026-03-11 16:09:28.646 DEBUG client - _fill_buffer: Requested page 5 (got: 200 items)
2026-03-11 16:09:28.646 INFO protocol - _request: GET 'https://www.strava.com/api/v3/athlete/activities' with params {'before': 1773245317, 'after': None, 'page': 6, 'per_page': 200}
2026-03-11 16:09:29.897 DEBUG connectionpool - _make_request: https://www.strava.com:443 "GET /api/v3/athlete/activities?before=1773245317&page=6&per_page=200&access_token=6d0025477bab842cf0a16cb44a2cb0736d04449f HTTP/1.1" 200 None
2026-03-11 16:09:29.899 DEBUG limiter - __call__: Throttling based on rates: RequestRate(short_usage=15, long_usage=19, short_limit=100, long_limit=1000)
2026-03-11 16:09:29.904 DEBUG client - _fill_buffer: Requested page 6 (got: 60 items)
2026-03-11 16:13:20.482 WARNING warnings - _showwarnmsg: /Users/memmaker650/PycharmProjects/BikeCompFollowUp/bikeCompFollowUp.py:458: DeprecationWarning: App.add_background_task is deprecated. Use asyncio.create_task(), or set an App.on_running() handler
  self.add_background_task(self.tarea_larga)

2026-03-11 16:43:58.898 WARNING bikeCompFollowUp - main: Inicio pyiOS!!!
2026-03-11 16:43:58.997 DEBUG selector_events - __init__: Using selector: KqueueSelector
2026-03-11 16:43:59.202 INFO bikeCompFollowUp - arrancarDB: Successfully Connected to SQLite
2026-03-11 16:43:59.202 INFO bikeCompFollowUp - arrancarDB: Creación Base de Datos y Tablas principales.
2026-03-11 16:43:59.203 INFO bikeCompFollowUp - arrancarDB: Ejecución SQL creación tablas.
2026-03-11 16:43:59.203 INFO bikeCompFollowUp - arrancarDB: Tablas DB creadas
2026-03-11 16:43:59.203 INFO bikeCompFollowUp - arrancarDB: Fin acciones Base de Datos
2026-03-11 16:43:59.237 WARNING warnings - _showwarnmsg: <string>:31: DeprecationWarning: Pack.padding is deprecated. Use Pack.margin instead.

2026-03-11 16:44:02.676 WARNING protocol - _check_credentials: Please make sure your STRAVA_CLIENT_ID is set in your environment.Add SILENCE_TOKEN_WARNINGS=true to your environment to disable this error.
2026-03-11 16:44:02.676 WARNING protocol - _check_credentials: STRAVA_CLIENT_ID and STRAVA_CLIENT_SECRET not found in your  environment. Please refresh your access_token manually. Or add STRAVA_CLIENT_ID and STRAVA_CLIENT_SECRET to your environment.Add SILENCE_TOKEN_WARNINGS=true to your environment to silence this warning.
2026-03-11 16:44:13.389 INFO protocol - _request: POST 'https://www.strava.com/oauth/token' with params {'client_id': '207382', 'client_secret': '985eda0742ae656cfc1908cfd92767451eb3d490', 'code': 'b05e69da3c95e22f94717fdc99e9c0fdc376645d', 'grant_type': 'authorization_code'}
2026-03-11 16:44:13.430 DEBUG connectionpool - _new_conn: Starting new HTTPS connection (1): www.strava.com:443
2026-03-11 16:44:13.702 DEBUG connectionpool - _make_request: https://www.strava.com:443 "POST /oauth/token?client_id=207382&client_secret=985eda0742ae656cfc1908cfd92767451eb3d490&code=b05e69da3c95e22f94717fdc99e9c0fdc376645d&grant_type=authorization_code HTTP/1.1" 200 None
2026-03-11 16:44:13.703 DEBUG limiter - __call__: Throttling based on rates: None
2026-03-11 16:44:13.703 WARNING limiter - __call__: No rates present in response headers
2026-03-11 16:44:13.706 INFO protocol - _request: GET 'https://www.strava.com/api/v3/athlete' with params {}
2026-03-11 16:44:14.174 DEBUG connectionpool - _make_request: https://www.strava.com:443 "GET /api/v3/athlete?access_token=6d0025477bab842cf0a16cb44a2cb0736d04449f HTTP/1.1" 200 None
2026-03-11 16:44:14.176 DEBUG limiter - __call__: Throttling based on rates: RequestRate(short_usage=1, long_usage=20, short_limit=100, long_limit=1000)
2026-03-11 16:44:14.181 INFO protocol - _request: GET 'https://www.strava.com/api/v3/athlete/activities' with params {'before': 1767139200, 'after': None, 'page': 1, 'per_page': 200}
2026-03-11 16:44:17.627 DEBUG connectionpool - _make_request: https://www.strava.com:443 "GET /api/v3/athlete/activities?before=1767139200&page=1&per_page=200&access_token=6d0025477bab842cf0a16cb44a2cb0736d04449f HTTP/1.1" 200 None
2026-03-11 16:44:17.935 DEBUG limiter - __call__: Throttling based on rates: RequestRate(short_usage=2, long_usage=21, short_limit=100, long_limit=1000)
2026-03-11 16:44:17.944 DEBUG client - _fill_buffer: Requested page 1 (got: 200 items)
2026-03-11 16:44:17.944 INFO protocol - _request: GET 'https://www.strava.com/api/v3/athlete/activities' with params {'before': 1767139200, 'after': None, 'page': 2, 'per_page': 200}
2026-03-11 16:44:21.741 DEBUG connectionpool - _make_request: https://www.strava.com:443 "GET /api/v3/athlete/activities?before=1767139200&page=2&per_page=200&access_token=6d0025477bab842cf0a16cb44a2cb0736d04449f HTTP/1.1" 200 None
2026-03-11 16:44:21.942 DEBUG limiter - __call__: Throttling based on rates: RequestRate(short_usage=3, long_usage=22, short_limit=100, long_limit=1000)
2026-03-11 16:44:21.962 DEBUG client - _fill_buffer: Requested page 2 (got: 200 items)
2026-03-11 16:44:21.963 INFO protocol - _request: GET 'https://www.strava.com/api/v3/athlete/activities' with params {'before': 1767139200, 'after': None, 'page': 3, 'per_page': 200}
2026-03-11 16:44:26.426 DEBUG connectionpool - _make_request: https://www.strava.com:443 "GET /api/v3/athlete/activities?before=1767139200&page=3&per_page=200&access_token=6d0025477bab842cf0a16cb44a2cb0736d04449f HTTP/1.1" 200 None
2026-03-11 16:44:26.529 DEBUG limiter - __call__: Throttling based on rates: RequestRate(short_usage=4, long_usage=23, short_limit=100, long_limit=1000)
2026-03-11 16:44:26.545 DEBUG client - _fill_buffer: Requested page 3 (got: 200 items)
2026-03-11 16:44:26.546 INFO protocol - _request: GET 'https://www.strava.com/api/v3/athlete/activities' with params {'before': 1767139200, 'after': None, 'page': 4, 'per_page': 200}
2026-03-11 16:44:30.251 DEBUG connectionpool - _make_request: https://www.strava.com:443 "GET /api/v3/athlete/activities?before=1767139200&page=4&per_page=200&access_token=6d0025477bab842cf0a16cb44a2cb0736d04449f HTTP/1.1" 200 None
2026-03-11 16:44:30.284 DEBUG limiter - __call__: Throttling based on rates: RequestRate(short_usage=5, long_usage=24, short_limit=100, long_limit=1000)
2026-03-11 16:44:30.300 DEBUG client - _fill_buffer: Requested page 4 (got: 200 items)
2026-03-11 16:44:30.301 INFO protocol - _request: GET 'https://www.strava.com/api/v3/athlete/activities' with params {'before': 1767139200, 'after': None, 'page': 5, 'per_page': 200}
2026-03-11 16:44:36.767 DEBUG connectionpool - _make_request: https://www.strava.com:443 "GET /api/v3/athlete/activities?before=1767139200&page=5&per_page=200&access_token=6d0025477bab842cf0a16cb44a2cb0736d04449f HTTP/1.1" 200 None
2026-03-11 16:44:36.772 DEBUG limiter - __call__: Throttling based on rates: RequestRate(short_usage=6, long_usage=25, short_limit=100, long_limit=1000)
2026-03-11 16:44:36.787 DEBUG client - _fill_buffer: Requested page 5 (got: 200 items)
2026-03-11 16:44:36.788 INFO protocol - _request: GET 'https://www.strava.com/api/v3/athlete/activities' with params {'before': 1767139200, 'after': None, 'page': 6, 'per_page': 200}
2026-03-11 16:44:38.109 DEBUG connectionpool - _make_request: https://www.strava.com:443 "GET /api/v3/athlete/activities?before=1767139200&page=6&per_page=200&access_token=6d0025477bab842cf0a16cb44a2cb0736d04449f HTTP/1.1" 200 None
2026-03-11 16:44:38.110 DEBUG limiter - __call__: Throttling based on rates: RequestRate(short_usage=7, long_usage=26, short_limit=100, long_limit=1000)
2026-03-11 16:44:38.115 DEBUG client - _fill_buffer: Requested page 6 (got: 48 items)
2026-03-11 16:44:38.116 INFO protocol - _request: GET 'https://www.strava.com/api/v3/athlete/activities' with params {'before': 1773247454, 'after': None, 'page': 1, 'per_page': 200}
2026-03-11 16:44:40.595 DEBUG connectionpool - _make_request: https://www.strava.com:443 "GET /api/v3/athlete/activities?before=1773247454&page=1&per_page=200&access_token=6d0025477bab842cf0a16cb44a2cb0736d04449f HTTP/1.1" 200 None
2026-03-11 16:44:40.971 DEBUG limiter - __call__: Throttling based on rates: RequestRate(short_usage=8, long_usage=27, short_limit=100, long_limit=1000)
2026-03-11 16:44:40.978 DEBUG client - _fill_buffer: Requested page 1 (got: 200 items)
2026-03-11 16:44:40.979 INFO protocol - _request: GET 'https://www.strava.com/api/v3/athlete/activities' with params {'before': 1773247454, 'after': None, 'page': 2, 'per_page': 200}
2026-03-11 16:44:43.479 DEBUG connectionpool - _make_request: https://www.strava.com:443 "GET /api/v3/athlete/activities?before=1773247454&page=2&per_page=200&access_token=6d0025477bab842cf0a16cb44a2cb0736d04449f HTTP/1.1" 200 None
2026-03-11 16:44:43.769 DEBUG limiter - __call__: Throttling based on rates: RequestRate(short_usage=9, long_usage=28, short_limit=100, long_limit=1000)
2026-03-11 16:44:43.784 DEBUG client - _fill_buffer: Requested page 2 (got: 200 items)
2026-03-11 16:44:43.784 INFO protocol - _request: GET 'https://www.strava.com/api/v3/athlete/activities' with params {'before': 1773247454, 'after': None, 'page': 3, 'per_page': 200}
2026-03-11 16:44:47.651 DEBUG connectionpool - _make_request: https://www.strava.com:443 "GET /api/v3/athlete/activities?before=1773247454&page=3&per_page=200&access_token=6d0025477bab842cf0a16cb44a2cb0736d04449f HTTP/1.1" 200 None
2026-03-11 16:44:47.866 DEBUG limiter - __call__: Throttling based on rates: RequestRate(short_usage=10, long_usage=29, short_limit=100, long_limit=1000)
2026-03-11 16:44:47.882 DEBUG client - _fill_buffer: Requested page 3 (got: 200 items)
2026-03-11 16:44:47.883 INFO protocol - _request: GET 'https://www.strava.com/api/v3/athlete/activities' with params {'before': 1773247454, 'after': None, 'page': 4, 'per_page': 200}
2026-03-11 16:44:51.040 DEBUG connectionpool - _make_request: https://www.strava.com:443 "GET /api/v3/athlete/activities?before=1773247454&page=4&per_page=200&access_token=6d0025477bab842cf0a16cb44a2cb0736d04449f HTTP/1.1" 200 None
2026-03-11 16:44:51.050 DEBUG limiter - __call__: Throttling based on rates: RequestRate(short_usage=11, long_usage=30, short_limit=100, long_limit=1000)
2026-03-11 16:44:51.063 DEBUG client - _fill_buffer: Requested page 4 (got: 200 items)
2026-03-11 16:44:51.063 INFO protocol - _request: GET 'https://www.strava.com/api/v3/athlete/activities' with params {'before': 1773247454, 'after': None, 'page': 5, 'per_page': 200}
2026-03-11 16:44:55.323 DEBUG connectionpool - _make_request: https://www.strava.com:443 "GET /api/v3/athlete/activities?before=1773247454&page=5&per_page=200&access_token=6d0025477bab842cf0a16cb44a2cb0736d04449f HTTP/1.1" 200 None
2026-03-11 16:44:55.328 DEBUG limiter - __call__: Throttling based on rates: RequestRate(short_usage=12, long_usage=31, short_limit=100, long_limit=1000)
2026-03-11 16:44:55.343 DEBUG client - _fill_buffer: Requested page 5 (got: 200 items)
2026-03-11 16:44:55.344 INFO protocol - _request: GET 'https://www.strava.com/api/v3/athlete/activities' with params {'before': 1773247454, 'after': None, 'page': 6, 'per_page': 200}
2026-03-11 16:44:56.466 DEBUG connectionpool - _make_request: https://www.strava.com:443 "GET /api/v3/athlete/activities?before=1773247454&page=6&per_page=200&access_token=6d0025477bab842cf0a16cb44a2cb0736d04449f HTTP/1.1" 200 None
2026-03-11 16:44:56.468 DEBUG limiter - __call__: Throttling based on rates: RequestRate(short_usage=13, long_usage=32, short_limit=100, long_limit=1000)
2026-03-11 16:44:56.475 DEBUG client - _fill_buffer: Requested page 6 (got: 60 items)
2026-03-11 17:09:47.065 WARNING bikeCompFollowUp - main: Inicio pyiOS!!!
2026-03-11 17:09:47.176 DEBUG selector_events - __init__: Using selector: KqueueSelector
2026-03-11 17:09:47.452 INFO bikeCompFollowUp - arrancarDB: Successfully Connected to SQLite
2026-03-11 17:09:47.452 INFO bikeCompFollowUp - arrancarDB: Creación Base de Datos y Tablas principales.
2026-03-11 17:09:47.453 INFO bikeCompFollowUp - arrancarDB: Ejecución SQL creación tablas.
2026-03-11 17:09:47.453 INFO bikeCompFollowUp - arrancarDB: Tablas DB creadas
2026-03-11 17:09:47.453 INFO bikeCompFollowUp - arrancarDB: Fin acciones Base de Datos
2026-03-11 17:09:47.490 WARNING warnings - _showwarnmsg: <string>:31: DeprecationWarning: Pack.padding is deprecated. Use Pack.margin instead.

2026-03-11 17:09:50.678 WARNING protocol - _check_credentials: Please make sure your STRAVA_CLIENT_ID is set in your environment.Add SILENCE_TOKEN_WARNINGS=true to your environment to disable this error.
2026-03-11 17:09:50.678 WARNING protocol - _check_credentials: STRAVA_CLIENT_ID and STRAVA_CLIENT_SECRET not found in your  environment. Please refresh your access_token manually. Or add STRAVA_CLIENT_ID and STRAVA_CLIENT_SECRET to your environment.Add SILENCE_TOKEN_WARNINGS=true to your environment to silence this warning.
2026-03-11 17:10:03.754 INFO protocol - _request: POST 'https://www.strava.com/oauth/token' with params {'client_id': '207382', 'client_secret': '985eda0742ae656cfc1908cfd92767451eb3d490', 'code': '54692393914553a793022324ed0ed3adc0a932fa', 'grant_type': 'authorization_code'}
2026-03-11 17:10:03.815 DEBUG connectionpool - _new_conn: Starting new HTTPS connection (1): www.strava.com:443
2026-03-11 17:10:04.106 DEBUG connectionpool - _make_request: https://www.strava.com:443 "POST /oauth/token?client_id=207382&client_secret=985eda0742ae656cfc1908cfd92767451eb3d490&code=54692393914553a793022324ed0ed3adc0a932fa&grant_type=authorization_code HTTP/1.1" 200 None
2026-03-11 17:10:04.107 DEBUG limiter - __call__: Throttling based on rates: None
2026-03-11 17:10:04.107 WARNING limiter - __call__: No rates present in response headers
2026-03-11 17:10:04.109 INFO protocol - _request: GET 'https://www.strava.com/api/v3/athlete' with params {}
2026-03-11 17:10:04.409 DEBUG connectionpool - _make_request: https://www.strava.com:443 "GET /api/v3/athlete?access_token=6d0025477bab842cf0a16cb44a2cb0736d04449f HTTP/1.1" 200 None
2026-03-11 17:10:04.410 DEBUG limiter - __call__: Throttling based on rates: RequestRate(short_usage=1, long_usage=33, short_limit=100, long_limit=1000)
2026-03-11 17:10:04.415 INFO protocol - _request: GET 'https://www.strava.com/api/v3/athlete/activities' with params {'before': 1767139200, 'after': None, 'page': 1, 'per_page': 200}
2026-03-11 17:10:07.731 DEBUG connectionpool - _make_request: https://www.strava.com:443 "GET /api/v3/athlete/activities?before=1767139200&page=1&per_page=200&access_token=6d0025477bab842cf0a16cb44a2cb0736d04449f HTTP/1.1" 200 None
2026-03-11 17:10:07.935 DEBUG limiter - __call__: Throttling based on rates: RequestRate(short_usage=2, long_usage=34, short_limit=100, long_limit=1000)
2026-03-11 17:10:07.953 DEBUG client - _fill_buffer: Requested page 1 (got: 200 items)
2026-03-11 17:10:07.953 INFO protocol - _request: GET 'https://www.strava.com/api/v3/athlete/activities' with params {'before': 1767139200, 'after': None, 'page': 2, 'per_page': 200}
2026-03-11 17:10:11.196 DEBUG connectionpool - _make_request: https://www.strava.com:443 "GET /api/v3/athlete/activities?before=1767139200&page=2&per_page=200&access_token=6d0025477bab842cf0a16cb44a2cb0736d04449f HTTP/1.1" 200 None
2026-03-11 17:10:11.390 DEBUG limiter - __call__: Throttling based on rates: RequestRate(short_usage=3, long_usage=35, short_limit=100, long_limit=1000)
2026-03-11 17:10:11.403 DEBUG client - _fill_buffer: Requested page 2 (got: 200 items)
2026-03-11 17:10:11.404 INFO protocol - _request: GET 'https://www.strava.com/api/v3/athlete/activities' with params {'before': 1767139200, 'after': None, 'page': 3, 'per_page': 200}
2026-03-11 17:10:16.822 DEBUG connectionpool - _make_request: https://www.strava.com:443 "GET /api/v3/athlete/activities?before=1767139200&page=3&per_page=200&access_token=6d0025477bab842cf0a16cb44a2cb0736d04449f HTTP/1.1" 200 None
2026-03-11 17:10:16.926 DEBUG limiter - __call__: Throttling based on rates: RequestRate(short_usage=4, long_usage=36, short_limit=100, long_limit=1000)
2026-03-11 17:10:16.936 DEBUG client - _fill_buffer: Requested page 3 (got: 200 items)
2026-03-11 17:10:16.936 INFO protocol - _request: GET 'https://www.strava.com/api/v3/athlete/activities' with params {'before': 1767139200, 'after': None, 'page': 4, 'per_page': 200}
2026-03-11 17:10:21.720 DEBUG connectionpool - _make_request: https://www.strava.com:443 "GET /api/v3/athlete/activities?before=1767139200&page=4&per_page=200&access_token=6d0025477bab842cf0a16cb44a2cb0736d04449f HTTP/1.1" 200 None
2026-03-11 17:10:21.727 DEBUG limiter - __call__: Throttling based on rates: RequestRate(short_usage=5, long_usage=37, short_limit=100, long_limit=1000)
2026-03-11 17:10:21.738 DEBUG client - _fill_buffer: Requested page 4 (got: 200 items)
2026-03-11 17:10:21.739 INFO protocol - _request: GET 'https://www.strava.com/api/v3/athlete/activities' with params {'before': 1767139200, 'after': None, 'page': 5, 'per_page': 200}
2026-03-11 17:10:28.320 DEBUG connectionpool - _make_request: https://www.strava.com:443 "GET /api/v3/athlete/activities?before=1767139200&page=5&per_page=200&access_token=6d0025477bab842cf0a16cb44a2cb0736d04449f HTTP/1.1" 200 None
2026-03-11 17:10:28.537 DEBUG limiter - __call__: Throttling based on rates: RequestRate(short_usage=6, long_usage=38, short_limit=100, long_limit=1000)
2026-03-11 17:10:28.554 DEBUG client - _fill_buffer: Requested page 5 (got: 200 items)
2026-03-11 17:10:28.555 INFO protocol - _request: GET 'https://www.strava.com/api/v3/athlete/activities' with params {'before': 1767139200, 'after': None, 'page': 6, 'per_page': 200}
2026-03-11 17:10:29.987 DEBUG connectionpool - _make_request: https://www.strava.com:443 "GET /api/v3/athlete/activities?before=1767139200&page=6&per_page=200&access_token=6d0025477bab842cf0a16cb44a2cb0736d04449f HTTP/1.1" 200 None
2026-03-11 17:10:29.989 DEBUG limiter - __call__: Throttling based on rates: RequestRate(short_usage=7, long_usage=39, short_limit=100, long_limit=1000)
2026-03-11 17:10:29.995 DEBUG client - _fill_buffer: Requested page 6 (got: 48 items)
2026-03-11 17:10:29.995 INFO protocol - _request: GET 'https://www.strava.com/api/v3/athlete/activities' with params {'before': 1773249004, 'after': None, 'page': 1, 'per_page': 200}
2026-03-11 17:10:32.798 DEBUG connectionpool - _make_request: https://www.strava.com:443 "GET /api/v3/athlete/activities?before=1773249004&page=1&per_page=200&access_token=6d0025477bab842cf0a16cb44a2cb0736d04449f HTTP/1.1" 200 None
2026-03-11 17:10:32.965 DEBUG limiter - __call__: Throttling based on rates: RequestRate(short_usage=8, long_usage=40, short_limit=100, long_limit=1000)
2026-03-11 17:10:32.982 DEBUG client - _fill_buffer: Requested page 1 (got: 200 items)
2026-03-11 17:10:32.983 INFO protocol - _request: GET 'https://www.strava.com/api/v3/athlete/activities' with params {'before': 1773249004, 'after': None, 'page': 2, 'per_page': 200}
2026-03-11 17:10:36.510 DEBUG connectionpool - _make_request: https://www.strava.com:443 "GET /api/v3/athlete/activities?before=1773249004&page=2&per_page=200&access_token=6d0025477bab842cf0a16cb44a2cb0736d04449f HTTP/1.1" 200 None
2026-03-11 17:10:36.714 DEBUG limiter - __call__: Throttling based on rates: RequestRate(short_usage=9, long_usage=41, short_limit=100, long_limit=1000)
2026-03-11 17:10:36.731 DEBUG client - _fill_buffer: Requested page 2 (got: 200 items)
2026-03-11 17:10:36.731 INFO protocol - _request: GET 'https://www.strava.com/api/v3/athlete/activities' with params {'before': 1773249004, 'after': None, 'page': 3, 'per_page': 200}
2026-03-11 17:10:40.068 DEBUG connectionpool - _make_request: https://www.strava.com:443 "GET /api/v3/athlete/activities?before=1773249004&page=3&per_page=200&access_token=6d0025477bab842cf0a16cb44a2cb0736d04449f HTTP/1.1" 200 None
2026-03-11 17:10:40.094 DEBUG limiter - __call__: Throttling based on rates: RequestRate(short_usage=10, long_usage=42, short_limit=100, long_limit=1000)
2026-03-11 17:10:40.108 DEBUG client - _fill_buffer: Requested page 3 (got: 200 items)
2026-03-11 17:10:40.109 INFO protocol - _request: GET 'https://www.strava.com/api/v3/athlete/activities' with params {'before': 1773249004, 'after': None, 'page': 4, 'per_page': 200}
2026-03-11 17:10:43.140 DEBUG connectionpool - _make_request: https://www.strava.com:443 "GET /api/v3/athlete/activities?before=1773249004&page=4&per_page=200&access_token=6d0025477bab842cf0a16cb44a2cb0736d04449f HTTP/1.1" 200 None
2026-03-11 17:10:43.227 DEBUG limiter - __call__: Throttling based on rates: RequestRate(short_usage=11, long_usage=43, short_limit=100, long_limit=1000)
2026-03-11 17:10:43.245 DEBUG client - _fill_buffer: Requested page 4 (got: 200 items)
2026-03-11 17:10:43.245 INFO protocol - _request: GET 'https://www.strava.com/api/v3/athlete/activities' with params {'before': 1773249004, 'after': None, 'page': 5, 'per_page': 200}
2026-03-11 17:10:47.849 DEBUG connectionpool - _make_request: https://www.strava.com:443 "GET /api/v3/athlete/activities?before=1773249004&page=5&per_page=200&access_token=6d0025477bab842cf0a16cb44a2cb0736d04449f HTTP/1.1" 200 None
2026-03-11 17:10:48.014 DEBUG limiter - __call__: Throttling based on rates: RequestRate(short_usage=12, long_usage=44, short_limit=100, long_limit=1000)
2026-03-11 17:10:48.030 DEBUG client - _fill_buffer: Requested page 5 (got: 200 items)
2026-03-11 17:10:48.031 INFO protocol - _request: GET 'https://www.strava.com/api/v3/athlete/activities' with params {'before': 1773249004, 'after': None, 'page': 6, 'per_page': 200}
2026-03-11 17:10:49.288 DEBUG connectionpool - _make_request: https://www.strava.com:443 "GET /api/v3/athlete/activities?before=1773249004&page=6&per_page=200&access_token=6d0025477bab842cf0a16cb44a2cb0736d04449f HTTP/1.1" 200 None
2026-03-11 17:10:49.289 DEBUG limiter - __call__: Throttling based on rates: RequestRate(short_usage=13, long_usage=45, short_limit=100, long_limit=1000)
2026-03-11 17:10:49.293 DEBUG client - _fill_buffer: Requested page 6 (got: 60 items)
2026-03-11 17:10:49.294 INFO stravaConnect - guardarDatosBDD: Successfully Connected to SQLite
2026-03-11 17:10:49.297 INFO stravaConnect - guardarDatosBDD: Registro insertado correctamente
2026-03-11 17:10:59.945 WARNING warnings - _showwarnmsg: /Users/memmaker650/PycharmProjects/BikeCompFollowUp/bikeCompFollowUp.py:458: DeprecationWarning: App.add_background_task is deprecated. Use asyncio.create_task(), or set an App.on_running() handler
  self.add_background_task(self.tarea_larga)

2026-03-12 16:56:02.557 WARNING bikeCompFollowUp - main: Inicio pyiOS!!!
2026-03-12 16:56:02.700 DEBUG selector_events - __init__: Using selector: KqueueSelector
2026-03-12 16:56:03.002 INFO bikeCompFollowUp - arrancarDB: Successfully Connected to SQLite
2026-03-12 16:56:03.002 INFO bikeCompFollowUp - arrancarDB: Creación Base de Datos y Tablas principales.
2026-03-12 16:56:03.002 INFO bikeCompFollowUp - arrancarDB: Ejecución SQL creación tablas.
2026-03-12 16:56:03.002 INFO bikeCompFollowUp - arrancarDB: Tablas DB creadas
2026-03-12 16:56:03.003 INFO bikeCompFollowUp - arrancarDB: Fin acciones Base de Datos
2026-03-12 16:56:03.040 WARNING warnings - _showwarnmsg: <string>:31: DeprecationWarning: Pack.padding is deprecated. Use Pack.margin instead.

2026-03-12 16:56:06.271 INFO stravaConnect - __init__: Successfully Connected to SQLite
2026-03-12 16:56:06.273 WARNING protocol - _check_credentials: Please make sure your STRAVA_CLIENT_ID is set in your environment.Add SILENCE_TOKEN_WARNINGS=true to your environment to disable this error.
2026-03-12 16:56:06.273 WARNING protocol - _check_credentials: STRAVA_CLIENT_ID and STRAVA_CLIENT_SECRET not found in your  environment. Please refresh your access_token manually. Or add STRAVA_CLIENT_ID and STRAVA_CLIENT_SECRET to your environment.Add SILENCE_TOKEN_WARNINGS=true to your environment to silence this warning.
2026-03-12 16:57:18.166 WARNING bikeCompFollowUp - main: Inicio pyiOS!!!
2026-03-12 16:57:18.237 DEBUG selector_events - __init__: Using selector: KqueueSelector
2026-03-12 16:57:18.422 INFO bikeCompFollowUp - arrancarDB: Successfully Connected to SQLite
2026-03-12 16:57:18.422 INFO bikeCompFollowUp - arrancarDB: Creación Base de Datos y Tablas principales.
2026-03-12 16:57:18.423 INFO bikeCompFollowUp - arrancarDB: Ejecución SQL creación tablas.
2026-03-12 16:57:18.423 INFO bikeCompFollowUp - arrancarDB: Tablas DB creadas
2026-03-12 16:57:18.423 INFO bikeCompFollowUp - arrancarDB: Fin acciones Base de Datos
2026-03-12 16:57:18.455 WARNING warnings - _showwarnmsg: <string>:31: DeprecationWarning: Pack.padding is deprecated. Use Pack.margin instead.

2026-03-12 16:57:20.861 INFO stravaConnect - __init__: Successfully Connected to SQLite
2026-03-12 16:57:20.864 WARNING protocol - _check_credentials: Please make sure your STRAVA_CLIENT_ID is set in your environment.Add SILENCE_TOKEN_WARNINGS=true to your environment to disable this error.
2026-03-12 16:57:20.864 WARNING protocol - _check_credentials: STRAVA_CLIENT_ID and STRAVA_CLIENT_SECRET not found in your  environment. Please refresh your access_token manually. Or add STRAVA_CLIENT_ID and STRAVA_CLIENT_SECRET to your environment.Add SILENCE_TOKEN_WARNINGS=true to your environment to silence this warning.
2026-03-12 16:58:57.651 WARNING bikeCompFollowUp - main: Inicio pyiOS!!!
2026-03-12 16:58:57.723 DEBUG selector_events - __init__: Using selector: KqueueSelector
2026-03-12 16:58:57.913 INFO bikeCompFollowUp - arrancarDB: Successfully Connected to SQLite
2026-03-12 16:58:57.913 INFO bikeCompFollowUp - arrancarDB: Creación Base de Datos y Tablas principales.
2026-03-12 16:58:57.914 INFO bikeCompFollowUp - arrancarDB: Ejecución SQL creación tablas.
2026-03-12 16:58:57.914 INFO bikeCompFollowUp - arrancarDB: Tablas DB creadas
2026-03-12 16:58:57.914 INFO bikeCompFollowUp - arrancarDB: Fin acciones Base de Datos
2026-03-12 16:58:57.946 WARNING warnings - _showwarnmsg: <string>:31: DeprecationWarning: Pack.padding is deprecated. Use Pack.margin instead.

2026-03-12 16:59:02.125 INFO stravaConnect - __init__: Successfully Connected to SQLite
2026-03-12 16:59:02.127 WARNING protocol - _check_credentials: Please make sure your STRAVA_CLIENT_ID is set in your environment.Add SILENCE_TOKEN_WARNINGS=true to your environment to disable this error.
2026-03-12 16:59:02.127 WARNING protocol - _check_credentials: STRAVA_CLIENT_ID and STRAVA_CLIENT_SECRET not found in your  environment. Please refresh your access_token manually. Or add STRAVA_CLIENT_ID and STRAVA_CLIENT_SECRET to your environment.Add SILENCE_TOKEN_WARNINGS=true to your environment to silence this warning.
2026-03-12 16:59:47.680 WARNING bikeCompFollowUp - main: Inicio pyiOS!!!
2026-03-12 16:59:47.752 DEBUG selector_events - __init__: Using selector: KqueueSelector
2026-03-12 16:59:47.932 INFO bikeCompFollowUp - arrancarDB: Successfully Connected to SQLite
2026-03-12 16:59:47.932 INFO bikeCompFollowUp - arrancarDB: Creación Base de Datos y Tablas principales.
2026-03-12 16:59:47.933 INFO bikeCompFollowUp - arrancarDB: Ejecución SQL creación tablas.
2026-03-12 16:59:47.933 INFO bikeCompFollowUp - arrancarDB: Tablas DB creadas
2026-03-12 16:59:47.933 INFO bikeCompFollowUp - arrancarDB: Fin acciones Base de Datos
2026-03-12 16:59:47.964 WARNING warnings - _showwarnmsg: <string>:31: DeprecationWarning: Pack.padding is deprecated. Use Pack.margin instead.

2026-03-12 16:59:50.478 INFO stravaConnect - __init__: Successfully Connected to SQLite
2026-03-12 16:59:50.481 WARNING protocol - _check_credentials: Please make sure your STRAVA_CLIENT_ID is set in your environment.Add SILENCE_TOKEN_WARNINGS=true to your environment to disable this error.
2026-03-12 16:59:50.481 WARNING protocol - _check_credentials: STRAVA_CLIENT_ID and STRAVA_CLIENT_SECRET not found in your  environment. Please refresh your access_token manually. Or add STRAVA_CLIENT_ID and STRAVA_CLIENT_SECRET to your environment.Add SILENCE_TOKEN_WARNINGS=true to your environment to silence this warning.
2026-03-12 17:05:00.290 WARNING bikeCompFollowUp - main: Inicio pyiOS!!!
2026-03-12 17:05:00.359 DEBUG selector_events - __init__: Using selector: KqueueSelector
2026-03-12 17:05:00.533 INFO bikeCompFollowUp - arrancarDB: Successfully Connected to SQLite
2026-03-12 17:05:00.533 INFO bikeCompFollowUp - arrancarDB: Creación Base de Datos y Tablas principales.
2026-03-12 17:05:00.534 INFO bikeCompFollowUp - arrancarDB: Ejecución SQL creación tablas.
2026-03-12 17:05:00.534 INFO bikeCompFollowUp - arrancarDB: Tablas DB creadas
2026-03-12 17:05:00.534 INFO bikeCompFollowUp - arrancarDB: Fin acciones Base de Datos
2026-03-12 17:05:00.566 WARNING warnings - _showwarnmsg: <string>:31: DeprecationWarning: Pack.padding is deprecated. Use Pack.margin instead.

2026-03-12 17:05:04.404 INFO stravaConnect - __init__: Successfully Connected to SQLite
2026-03-12 17:05:04.405 WARNING protocol - _check_credentials: Please make sure your STRAVA_CLIENT_ID is set in your environment.Add SILENCE_TOKEN_WARNINGS=true to your environment to disable this error.
2026-03-12 17:05:04.405 WARNING protocol - _check_credentials: STRAVA_CLIENT_ID and STRAVA_CLIENT_SECRET not found in your  environment. Please refresh your access_token manually. Or add STRAVA_CLIENT_ID and STRAVA_CLIENT_SECRET to your environment.Add SILENCE_TOKEN_WARNINGS=true to your environment to silence this warning.
2026-03-12 17:05:07.388 INFO stravaConnect - __init__: Successfully Connected to SQLite
2026-03-12 17:05:07.389 WARNING protocol - _check_credentials: Please make sure your STRAVA_CLIENT_ID is set in your environment.Add SILENCE_TOKEN_WARNINGS=true to your environment to disable this error.
2026-03-12 17:05:07.389 WARNING protocol - _check_credentials: STRAVA_CLIENT_ID and STRAVA_CLIENT_SECRET not found in your  environment. Please refresh your access_token manually. Or add STRAVA_CLIENT_ID and STRAVA_CLIENT_SECRET to your environment.Add SILENCE_TOKEN_WARNINGS=true to your environment to silence this warning.
2026-03-12 17:05:10.315 INFO stravaConnect - __init__: Successfully Connected to SQLite
2026-03-12 17:05:10.316 WARNING protocol - _check_credentials: Please make sure your STRAVA_CLIENT_ID is set in your environment.Add SILENCE_TOKEN_WARNINGS=true to your environment to disable this error.
2026-03-12 17:05:10.316 WARNING protocol - _check_credentials: STRAVA_CLIENT_ID and STRAVA_CLIENT_SECRET not found in your  environment. Please refresh your access_token manually. Or add STRAVA_CLIENT_ID and STRAVA_CLIENT_SECRET to your environment.Add SILENCE_TOKEN_WARNINGS=true to your environment to silence this warning.
2026-03-12 17:05:26.236 WARNING bikeCompFollowUp - main: Inicio pyiOS!!!
2026-03-12 17:05:26.303 DEBUG selector_events - __init__: Using selector: KqueueSelector
2026-03-12 17:05:26.474 INFO bikeCompFollowUp - arrancarDB: Successfully Connected to SQLite
2026-03-12 17:05:26.474 INFO bikeCompFollowUp - arrancarDB: Creación Base de Datos y Tablas principales.
2026-03-12 17:05:26.475 INFO bikeCompFollowUp - arrancarDB: Ejecución SQL creación tablas.
2026-03-12 17:05:26.475 INFO bikeCompFollowUp - arrancarDB: Tablas DB creadas
2026-03-12 17:05:26.475 INFO bikeCompFollowUp - arrancarDB: Fin acciones Base de Datos
2026-03-12 17:05:26.508 WARNING warnings - _showwarnmsg: <string>:31: DeprecationWarning: Pack.padding is deprecated. Use Pack.margin instead.

2026-03-12 17:05:29.069 INFO stravaConnect - __init__: Successfully Connected to SQLite
2026-03-12 17:05:29.070 WARNING protocol - _check_credentials: Please make sure your STRAVA_CLIENT_ID is set in your environment.Add SILENCE_TOKEN_WARNINGS=true to your environment to disable this error.
2026-03-12 17:05:29.070 WARNING protocol - _check_credentials: STRAVA_CLIENT_ID and STRAVA_CLIENT_SECRET not found in your  environment. Please refresh your access_token manually. Or add STRAVA_CLIENT_ID and STRAVA_CLIENT_SECRET to your environment.Add SILENCE_TOKEN_WARNINGS=true to your environment to silence this warning.
2026-03-12 17:05:58.183 WARNING bikeCompFollowUp - main: Inicio pyiOS!!!
2026-03-12 17:05:58.253 DEBUG selector_events - __init__: Using selector: KqueueSelector
2026-03-12 17:05:58.441 INFO bikeCompFollowUp - arrancarDB: Successfully Connected to SQLite
2026-03-12 17:05:58.441 INFO bikeCompFollowUp - arrancarDB: Creación Base de Datos y Tablas principales.
2026-03-12 17:05:58.443 INFO bikeCompFollowUp - arrancarDB: Ejecución SQL creación tablas.
2026-03-12 17:05:58.443 INFO bikeCompFollowUp - arrancarDB: Tablas DB creadas
2026-03-12 17:05:58.443 INFO bikeCompFollowUp - arrancarDB: Fin acciones Base de Datos
2026-03-12 17:05:58.475 WARNING warnings - _showwarnmsg: <string>:31: DeprecationWarning: Pack.padding is deprecated. Use Pack.margin instead.

2026-03-12 17:06:04.734 INFO stravaConnect - __init__: Successfully Connected to SQLite
2026-03-12 17:06:04.736 WARNING protocol - _check_credentials: Please make sure your STRAVA_CLIENT_ID is set in your environment.Add SILENCE_TOKEN_WARNINGS=true to your environment to disable this error.
2026-03-12 17:06:04.736 WARNING protocol - _check_credentials: STRAVA_CLIENT_ID and STRAVA_CLIENT_SECRET not found in your  environment. Please refresh your access_token manually. Or add STRAVA_CLIENT_ID and STRAVA_CLIENT_SECRET to your environment.Add SILENCE_TOKEN_WARNINGS=true to your environment to silence this warning.
2026-03-12 17:06:07.959 INFO stravaConnect - __init__: Successfully Connected to SQLite
2026-03-12 17:06:07.960 WARNING protocol - _check_credentials: Please make sure your STRAVA_CLIENT_ID is set in your environment.Add SILENCE_TOKEN_WARNINGS=true to your environment to disable this error.
2026-03-12 17:06:07.960 WARNING protocol - _check_credentials: STRAVA_CLIENT_ID and STRAVA_CLIENT_SECRET not found in your  environment. Please refresh your access_token manually. Or add STRAVA_CLIENT_ID and STRAVA_CLIENT_SECRET to your environment.Add SILENCE_TOKEN_WARNINGS=true to your environment to silence this warning.
2026-03-12 17:06:38.069 WARNING bikeCompFollowUp - main: Inicio pyiOS!!!
2026-03-12 17:06:38.135 DEBUG selector_events - __init__: Using selector: KqueueSelector
2026-03-12 17:06:38.300 INFO bikeCompFollowUp - arrancarDB: Successfully Connected to SQLite
2026-03-12 17:06:38.300 INFO bikeCompFollowUp - arrancarDB: Creación Base de Datos y Tablas principales.
2026-03-12 17:06:38.300 INFO bikeCompFollowUp - arrancarDB: Ejecución SQL creación tablas.
2026-03-12 17:06:38.300 INFO bikeCompFollowUp - arrancarDB: Tablas DB creadas
2026-03-12 17:06:38.300 INFO bikeCompFollowUp - arrancarDB: Fin acciones Base de Datos
2026-03-12 17:06:38.333 WARNING warnings - _showwarnmsg: <string>:31: DeprecationWarning: Pack.padding is deprecated. Use Pack.margin instead.

2026-03-12 17:06:40.374 INFO stravaConnect - __init__: Successfully Connected to SQLite
2026-03-12 17:06:40.375 WARNING protocol - _check_credentials: Please make sure your STRAVA_CLIENT_ID is set in your environment.Add SILENCE_TOKEN_WARNINGS=true to your environment to disable this error.
2026-03-12 17:06:40.375 WARNING protocol - _check_credentials: STRAVA_CLIENT_ID and STRAVA_CLIENT_SECRET not found in your  environment. Please refresh your access_token manually. Or add STRAVA_CLIENT_ID and STRAVA_CLIENT_SECRET to your environment.Add SILENCE_TOKEN_WARNINGS=true to your environment to silence this warning.
2026-03-12 17:09:21.994 WARNING bikeCompFollowUp - main: Inicio pyiOS!!!
2026-03-12 17:09:22.066 DEBUG selector_events - __init__: Using selector: KqueueSelector
2026-03-12 17:09:22.250 INFO bikeCompFollowUp - arrancarDB: Successfully Connected to SQLite
2026-03-12 17:09:22.250 INFO bikeCompFollowUp - arrancarDB: Creación Base de Datos y Tablas principales.
2026-03-12 17:09:22.251 INFO bikeCompFollowUp - arrancarDB: Ejecución SQL creación tablas.
2026-03-12 17:09:22.251 INFO bikeCompFollowUp - arrancarDB: Tablas DB creadas
2026-03-12 17:09:22.251 INFO bikeCompFollowUp - arrancarDB: Fin acciones Base de Datos
2026-03-12 17:09:22.282 WARNING warnings - _showwarnmsg: <string>:31: DeprecationWarning: Pack.padding is deprecated. Use Pack.margin instead.

2026-03-12 17:09:24.939 INFO stravaConnect - __init__: Successfully Connected to SQLite
2026-03-12 17:09:24.941 WARNING protocol - _check_credentials: Please make sure your STRAVA_CLIENT_ID is set in your environment.Add SILENCE_TOKEN_WARNINGS=true to your environment to disable this error.
2026-03-12 17:09:24.941 WARNING protocol - _check_credentials: STRAVA_CLIENT_ID and STRAVA_CLIENT_SECRET not found in your  environment. Please refresh your access_token manually. Or add STRAVA_CLIENT_ID and STRAVA_CLIENT_SECRET to your environment.Add SILENCE_TOKEN_WARNINGS=true to your environment to silence this warning.
2026-03-12 17:22:54.592 WARNING bikeCompFollowUp - main: Inicio pyiOS!!!
2026-03-12 17:22:54.660 DEBUG selector_events - __init__: Using selector: KqueueSelector
2026-03-12 17:22:54.849 INFO bikeCompFollowUp - arrancarDB: Successfully Connected to SQLite
2026-03-12 17:22:54.849 INFO bikeCompFollowUp - arrancarDB: Creación Base de Datos y Tablas principales.
2026-03-12 17:22:54.849 INFO bikeCompFollowUp - arrancarDB: Ejecución SQL creación tablas.
2026-03-12 17:22:54.849 INFO bikeCompFollowUp - arrancarDB: Tablas DB creadas
2026-03-12 17:22:54.850 INFO bikeCompFollowUp - arrancarDB: Fin acciones Base de Datos
2026-03-12 17:22:54.888 WARNING warnings - _showwarnmsg: <string>:31: DeprecationWarning: Pack.padding is deprecated. Use Pack.margin instead.

2026-03-12 17:23:02.735 INFO stravaConnect - __init__: Successfully Connected to SQLite
2026-03-12 17:23:02.737 WARNING protocol - _check_credentials: Please make sure your STRAVA_CLIENT_ID is set in your environment.Add SILENCE_TOKEN_WARNINGS=true to your environment to disable this error.
2026-03-12 17:23:02.737 WARNING protocol - _check_credentials: STRAVA_CLIENT_ID and STRAVA_CLIENT_SECRET not found in your  environment. Please refresh your access_token manually. Or add STRAVA_CLIENT_ID and STRAVA_CLIENT_SECRET to your environment.Add SILENCE_TOKEN_WARNINGS=true to your environment to silence this warning.
2026-03-12 17:23:05.692 WARNING warnings - _showwarnmsg: /Library/Frameworks/Python.framework/Versions/3.11/lib/python3.11/site-packages/rubicon/objc/runtime.py:940: ResourceWarning: unclosed <socket.socket fd=13, family=2, type=1, proto=0, laddr=('127.0.0.1', 5000)>
  result = send(receiver, selector, *args, *varargs)

2026-03-12 17:28:06.290 WARNING bikeCompFollowUp - main: Inicio pyiOS!!!
2026-03-12 17:28:06.363 DEBUG selector_events - __init__: Using selector: KqueueSelector
2026-03-12 17:28:06.542 INFO bikeCompFollowUp - arrancarDB: Successfully Connected to SQLite
2026-03-12 17:28:06.542 INFO bikeCompFollowUp - arrancarDB: Creación Base de Datos y Tablas principales.
2026-03-12 17:28:06.542 INFO bikeCompFollowUp - arrancarDB: Ejecución SQL creación tablas.
2026-03-12 17:28:06.542 INFO bikeCompFollowUp - arrancarDB: Tablas DB creadas
2026-03-12 17:28:06.542 INFO bikeCompFollowUp - arrancarDB: Fin acciones Base de Datos
2026-03-12 17:28:06.576 WARNING warnings - _showwarnmsg: <string>:31: DeprecationWarning: Pack.padding is deprecated. Use Pack.margin instead.

2026-03-12 17:28:10.047 INFO stravaConnect - __init__: Successfully Connected to SQLite
2026-03-12 17:28:10.049 WARNING protocol - _check_credentials: Please make sure your STRAVA_CLIENT_ID is set in your environment.Add SILENCE_TOKEN_WARNINGS=true to your environment to disable this error.
2026-03-12 17:28:10.049 WARNING protocol - _check_credentials: STRAVA_CLIENT_ID and STRAVA_CLIENT_SECRET not found in your  environment. Please refresh your access_token manually. Or add STRAVA_CLIENT_ID and STRAVA_CLIENT_SECRET to your environment.Add SILENCE_TOKEN_WARNINGS=true to your environment to silence this warning.
2026-03-12 17:28:13.067 WARNING warnings - _showwarnmsg: /Library/Frameworks/Python.framework/Versions/3.11/lib/python3.11/site-packages/rubicon/objc/runtime.py:940: ResourceWarning: unclosed <socket.socket fd=13, family=2, type=1, proto=0, laddr=('127.0.0.1', 5000)>
  result = send(receiver, selector, *args, *varargs)

2026-03-12 17:29:54.535 WARNING bikeCompFollowUp - main: Inicio pyiOS!!!
2026-03-12 17:29:54.610 DEBUG selector_events - __init__: Using selector: KqueueSelector
2026-03-12 17:29:54.802 INFO bikeCompFollowUp - arrancarDB: Successfully Connected to SQLite
2026-03-12 17:29:54.802 INFO bikeCompFollowUp - arrancarDB: Creación Base de Datos y Tablas principales.
2026-03-12 17:29:54.802 INFO bikeCompFollowUp - arrancarDB: Ejecución SQL creación tablas.
2026-03-12 17:29:54.802 INFO bikeCompFollowUp - arrancarDB: Tablas DB creadas
2026-03-12 17:29:54.802 INFO bikeCompFollowUp - arrancarDB: Fin acciones Base de Datos
2026-03-12 17:29:54.836 WARNING warnings - _showwarnmsg: <string>:31: DeprecationWarning: Pack.padding is deprecated. Use Pack.margin instead.

2026-03-12 17:29:57.608 INFO stravaConnect - __init__: Successfully Connected to SQLite
2026-03-12 17:29:57.611 WARNING protocol - _check_credentials: Please make sure your STRAVA_CLIENT_ID is set in your environment.Add SILENCE_TOKEN_WARNINGS=true to your environment to disable this error.
2026-03-12 17:29:57.611 WARNING protocol - _check_credentials: STRAVA_CLIENT_ID and STRAVA_CLIENT_SECRET not found in your  environment. Please refresh your access_token manually. Or add STRAVA_CLIENT_ID and STRAVA_CLIENT_SECRET to your environment.Add SILENCE_TOKEN_WARNINGS=true to your environment to silence this warning.
2026-03-12 17:30:00.493 WARNING warnings - _showwarnmsg: /Library/Frameworks/Python.framework/Versions/3.11/lib/python3.11/site-packages/rubicon/objc/runtime.py:940: ResourceWarning: unclosed <socket.socket fd=13, family=2, type=1, proto=0, laddr=('127.0.0.1', 5000)>
  result = send(receiver, selector, *args, *varargs)

2026-03-12 17:33:11.865 WARNING bikeCompFollowUp - main: Inicio pyiOS!!!
2026-03-12 17:33:11.938 DEBUG selector_events - __init__: Using selector: KqueueSelector
2026-03-12 17:33:12.127 INFO bikeCompFollowUp - arrancarDB: Successfully Connected to SQLite
2026-03-12 17:33:12.127 INFO bikeCompFollowUp - arrancarDB: Creación Base de Datos y Tablas principales.
2026-03-12 17:33:12.127 INFO bikeCompFollowUp - arrancarDB: Ejecución SQL creación tablas.
2026-03-12 17:33:12.127 INFO bikeCompFollowUp - arrancarDB: Tablas DB creadas
2026-03-12 17:33:12.128 INFO bikeCompFollowUp - arrancarDB: Fin acciones Base de Datos
2026-03-12 17:33:12.162 WARNING warnings - _showwarnmsg: <string>:31: DeprecationWarning: Pack.padding is deprecated. Use Pack.margin instead.

2026-03-12 17:33:14.607 INFO stravaConnect - __init__: Successfully Connected to SQLite
2026-03-12 17:33:14.608 WARNING protocol - _check_credentials: Please make sure your STRAVA_CLIENT_ID is set in your environment.Add SILENCE_TOKEN_WARNINGS=true to your environment to disable this error.
2026-03-12 17:33:14.608 WARNING protocol - _check_credentials: STRAVA_CLIENT_ID and STRAVA_CLIENT_SECRET not found in your  environment. Please refresh your access_token manually. Or add STRAVA_CLIENT_ID and STRAVA_CLIENT_SECRET to your environment.Add SILENCE_TOKEN_WARNINGS=true to your environment to silence this warning.
2026-03-12 17:34:11.534 WARNING bikeCompFollowUp - main: Inicio pyiOS!!!
2026-03-12 17:34:11.609 DEBUG selector_events - __init__: Using selector: KqueueSelector
2026-03-12 17:34:11.785 INFO bikeCompFollowUp - arrancarDB: Successfully Connected to SQLite
2026-03-12 17:34:11.785 INFO bikeCompFollowUp - arrancarDB: Creación Base de Datos y Tablas principales.
2026-03-12 17:34:11.786 INFO bikeCompFollowUp - arrancarDB: Ejecución SQL creación tablas.
2026-03-12 17:34:11.786 INFO bikeCompFollowUp - arrancarDB: Tablas DB creadas
2026-03-12 17:34:11.786 INFO bikeCompFollowUp - arrancarDB: Fin acciones Base de Datos
2026-03-12 17:34:11.817 WARNING warnings - _showwarnmsg: <string>:31: DeprecationWarning: Pack.padding is deprecated. Use Pack.margin instead.

2026-03-12 17:34:14.206 INFO stravaConnect - __init__: Successfully Connected to SQLite
2026-03-12 17:34:14.208 WARNING protocol - _check_credentials: Please make sure your STRAVA_CLIENT_ID is set in your environment.Add SILENCE_TOKEN_WARNINGS=true to your environment to disable this error.
2026-03-12 17:34:14.208 WARNING protocol - _check_credentials: STRAVA_CLIENT_ID and STRAVA_CLIENT_SECRET not found in your  environment. Please refresh your access_token manually. Or add STRAVA_CLIENT_ID and STRAVA_CLIENT_SECRET to your environment.Add SILENCE_TOKEN_WARNINGS=true to your environment to silence this warning.
2026-03-12 17:35:22.972 WARNING bikeCompFollowUp - main: Inicio pyiOS!!!
2026-03-12 17:35:23.055 DEBUG selector_events - __init__: Using selector: KqueueSelector
2026-03-12 17:35:23.249 INFO bikeCompFollowUp - arrancarDB: Successfully Connected to SQLite
2026-03-12 17:35:23.249 INFO bikeCompFollowUp - arrancarDB: Creación Base de Datos y Tablas principales.
2026-03-12 17:35:23.249 INFO bikeCompFollowUp - arrancarDB: Ejecución SQL creación tablas.
2026-03-12 17:35:23.249 INFO bikeCompFollowUp - arrancarDB: Tablas DB creadas
2026-03-12 17:35:23.249 INFO bikeCompFollowUp - arrancarDB: Fin acciones Base de Datos
2026-03-12 17:35:23.284 WARNING warnings - _showwarnmsg: <string>:31: DeprecationWarning: Pack.padding is deprecated. Use Pack.margin instead.

2026-03-12 17:35:27.145 INFO stravaConnect - __init__: Successfully Connected to SQLite
2026-03-12 17:35:27.148 WARNING protocol - _check_credentials: Please make sure your STRAVA_CLIENT_ID is set in your environment.Add SILENCE_TOKEN_WARNINGS=true to your environment to disable this error.
2026-03-12 17:35:27.148 WARNING protocol - _check_credentials: STRAVA_CLIENT_ID and STRAVA_CLIENT_SECRET not found in your  environment. Please refresh your access_token manually. Or add STRAVA_CLIENT_ID and STRAVA_CLIENT_SECRET to your environment.Add SILENCE_TOKEN_WARNINGS=true to your environment to silence this warning.
2026-03-12 17:37:29.707 WARNING bikeCompFollowUp - main: Inicio pyiOS!!!
2026-03-12 17:37:29.785 DEBUG selector_events - __init__: Using selector: KqueueSelector
2026-03-12 17:37:29.974 INFO bikeCompFollowUp - arrancarDB: Successfully Connected to SQLite
2026-03-12 17:37:29.974 INFO bikeCompFollowUp - arrancarDB: Creación Base de Datos y Tablas principales.
2026-03-12 17:37:29.975 INFO bikeCompFollowUp - arrancarDB: Ejecución SQL creación tablas.
2026-03-12 17:37:29.975 INFO bikeCompFollowUp - arrancarDB: Tablas DB creadas
2026-03-12 17:37:29.975 INFO bikeCompFollowUp - arrancarDB: Fin acciones Base de Datos
2026-03-12 17:37:30.008 WARNING warnings - _showwarnmsg: <string>:31: DeprecationWarning: Pack.padding is deprecated. Use Pack.margin instead.

2026-03-12 17:37:43.140 WARNING bikeCompFollowUp - main: Inicio pyiOS!!!
2026-03-12 17:37:43.203 DEBUG selector_events - __init__: Using selector: KqueueSelector
2026-03-12 17:37:43.367 INFO bikeCompFollowUp - arrancarDB: Successfully Connected to SQLite
2026-03-12 17:37:43.367 INFO bikeCompFollowUp - arrancarDB: Creación Base de Datos y Tablas principales.
2026-03-12 17:37:43.367 INFO bikeCompFollowUp - arrancarDB: Ejecución SQL creación tablas.
2026-03-12 17:37:43.367 INFO bikeCompFollowUp - arrancarDB: Tablas DB creadas
2026-03-12 17:37:43.368 INFO bikeCompFollowUp - arrancarDB: Fin acciones Base de Datos
2026-03-12 17:37:43.398 WARNING warnings - _showwarnmsg: <string>:31: DeprecationWarning: Pack.padding is deprecated. Use Pack.margin instead.

2026-03-12 17:37:45.645 INFO stravaConnect - __init__: Successfully Connected to SQLite
2026-03-12 17:37:45.648 WARNING protocol - _check_credentials: Please make sure your STRAVA_CLIENT_ID is set in your environment.Add SILENCE_TOKEN_WARNINGS=true to your environment to disable this error.
2026-03-12 17:37:45.648 WARNING protocol - _check_credentials: STRAVA_CLIENT_ID and STRAVA_CLIENT_SECRET not found in your  environment. Please refresh your access_token manually. Or add STRAVA_CLIENT_ID and STRAVA_CLIENT_SECRET to your environment.Add SILENCE_TOKEN_WARNINGS=true to your environment to silence this warning.
2026-03-12 17:38:24.080 WARNING bikeCompFollowUp - main: Inicio pyiOS!!!
2026-03-12 17:38:24.150 DEBUG selector_events - __init__: Using selector: KqueueSelector
2026-03-12 17:38:24.338 INFO bikeCompFollowUp - arrancarDB: Successfully Connected to SQLite
2026-03-12 17:38:24.338 INFO bikeCompFollowUp - arrancarDB: Creación Base de Datos y Tablas principales.
2026-03-12 17:38:24.339 INFO bikeCompFollowUp - arrancarDB: Ejecución SQL creación tablas.
2026-03-12 17:38:24.339 INFO bikeCompFollowUp - arrancarDB: Tablas DB creadas
2026-03-12 17:38:24.339 INFO bikeCompFollowUp - arrancarDB: Fin acciones Base de Datos
2026-03-12 17:38:24.374 WARNING warnings - _showwarnmsg: <string>:31: DeprecationWarning: Pack.padding is deprecated. Use Pack.margin instead.

2026-03-12 17:38:27.089 INFO stravaConnect - __init__: Successfully Connected to SQLite
2026-03-12 17:38:27.090 WARNING protocol - _check_credentials: Please make sure your STRAVA_CLIENT_ID is set in your environment.Add SILENCE_TOKEN_WARNINGS=true to your environment to disable this error.
2026-03-12 17:38:27.090 WARNING protocol - _check_credentials: STRAVA_CLIENT_ID and STRAVA_CLIENT_SECRET not found in your  environment. Please refresh your access_token manually. Or add STRAVA_CLIENT_ID and STRAVA_CLIENT_SECRET to your environment.Add SILENCE_TOKEN_WARNINGS=true to your environment to silence this warning.
2026-03-12 17:38:30.314 WARNING warnings - _showwarnmsg: /Library/Frameworks/Python.framework/Versions/3.11/lib/python3.11/site-packages/rubicon/objc/runtime.py:940: ResourceWarning: unclosed <socket.socket fd=13, family=2, type=1, proto=0, laddr=('127.0.0.1', 5000)>
  result = send(receiver, selector, *args, *varargs)

2026-03-12 17:38:59.512 WARNING bikeCompFollowUp - main: Inicio pyiOS!!!
2026-03-12 17:38:59.588 DEBUG selector_events - __init__: Using selector: KqueueSelector
2026-03-12 17:38:59.774 INFO bikeCompFollowUp - arrancarDB: Successfully Connected to SQLite
2026-03-12 17:38:59.774 INFO bikeCompFollowUp - arrancarDB: Creación Base de Datos y Tablas principales.
2026-03-12 17:38:59.774 INFO bikeCompFollowUp - arrancarDB: Ejecución SQL creación tablas.
2026-03-12 17:38:59.774 INFO bikeCompFollowUp - arrancarDB: Tablas DB creadas
2026-03-12 17:38:59.775 INFO bikeCompFollowUp - arrancarDB: Fin acciones Base de Datos
2026-03-12 17:38:59.809 WARNING warnings - _showwarnmsg: <string>:31: DeprecationWarning: Pack.padding is deprecated. Use Pack.margin instead.

2026-03-12 17:39:02.356 INFO stravaConnect - __init__: Successfully Connected to SQLite
2026-03-12 17:39:02.357 WARNING protocol - _check_credentials: Please make sure your STRAVA_CLIENT_ID is set in your environment.Add SILENCE_TOKEN_WARNINGS=true to your environment to disable this error.
2026-03-12 17:39:02.357 WARNING protocol - _check_credentials: STRAVA_CLIENT_ID and STRAVA_CLIENT_SECRET not found in your  environment. Please refresh your access_token manually. Or add STRAVA_CLIENT_ID and STRAVA_CLIENT_SECRET to your environment.Add SILENCE_TOKEN_WARNINGS=true to your environment to silence this warning.
2026-03-12 17:45:35.068 WARNING bikeCompFollowUp - main: Inicio pyiOS!!!
2026-03-12 17:45:35.139 DEBUG selector_events - __init__: Using selector: KqueueSelector
2026-03-12 17:45:35.321 INFO bikeCompFollowUp - arrancarDB: Successfully Connected to SQLite
2026-03-12 17:45:35.321 INFO bikeCompFollowUp - arrancarDB: Creación Base de Datos y Tablas principales.
2026-03-12 17:45:35.322 INFO bikeCompFollowUp - arrancarDB: Ejecución SQL creación tablas.
2026-03-12 17:45:35.322 INFO bikeCompFollowUp - arrancarDB: Tablas DB creadas
2026-03-12 17:45:35.323 INFO bikeCompFollowUp - arrancarDB: Fin acciones Base de Datos
2026-03-12 17:45:35.355 WARNING warnings - _showwarnmsg: <string>:31: DeprecationWarning: Pack.padding is deprecated. Use Pack.margin instead.

2026-03-12 17:45:38.447 INFO stravaConnect - __init__: Successfully Connected to SQLite
2026-03-12 17:45:38.450 WARNING protocol - _check_credentials: Please make sure your STRAVA_CLIENT_ID is set in your environment.Add SILENCE_TOKEN_WARNINGS=true to your environment to disable this error.
2026-03-12 17:45:38.450 WARNING protocol - _check_credentials: STRAVA_CLIENT_ID and STRAVA_CLIENT_SECRET not found in your  environment. Please refresh your access_token manually. Or add STRAVA_CLIENT_ID and STRAVA_CLIENT_SECRET to your environment.Add SILENCE_TOKEN_WARNINGS=true to your environment to silence this warning.
2026-03-12 17:45:38.593 INFO protocol - _request: POST 'https://www.strava.com/oauth/token' with params {'client_id': '207382', 'client_secret': '985eda0742ae656cfc1908cfd92767451eb3d490', 'code': None, 'grant_type': 'authorization_code'}
2026-03-12 17:45:38.634 DEBUG connectionpool - _new_conn: Starting new HTTPS connection (1): www.strava.com:443
2026-03-12 17:45:38.844 DEBUG connectionpool - _make_request: https://www.strava.com:443 "POST /oauth/token?client_id=207382&client_secret=985eda0742ae656cfc1908cfd92767451eb3d490&grant_type=authorization_code HTTP/1.1" 400 None
2026-03-12 17:45:38.845 DEBUG limiter - __call__: Throttling based on rates: None
2026-03-12 17:45:38.845 WARNING limiter - __call__: No rates present in response headers
2026-03-12 17:47:59.712 WARNING bikeCompFollowUp - main: Inicio pyiOS!!!
2026-03-12 17:47:59.789 DEBUG selector_events - __init__: Using selector: KqueueSelector
2026-03-12 17:47:59.962 INFO bikeCompFollowUp - arrancarDB: Successfully Connected to SQLite
2026-03-12 17:47:59.962 INFO bikeCompFollowUp - arrancarDB: Creación Base de Datos y Tablas principales.
2026-03-12 17:47:59.963 INFO bikeCompFollowUp - arrancarDB: Ejecución SQL creación tablas.
2026-03-12 17:47:59.963 INFO bikeCompFollowUp - arrancarDB: Tablas DB creadas
2026-03-12 17:47:59.963 INFO bikeCompFollowUp - arrancarDB: Fin acciones Base de Datos
2026-03-12 17:47:59.995 WARNING warnings - _showwarnmsg: <string>:31: DeprecationWarning: Pack.padding is deprecated. Use Pack.margin instead.

2026-03-12 17:48:01.992 INFO stravaConnect - __init__: Successfully Connected to SQLite
2026-03-12 17:48:01.993 WARNING protocol - _check_credentials: Please make sure your STRAVA_CLIENT_ID is set in your environment.Add SILENCE_TOKEN_WARNINGS=true to your environment to disable this error.
2026-03-12 17:48:01.993 WARNING protocol - _check_credentials: STRAVA_CLIENT_ID and STRAVA_CLIENT_SECRET not found in your  environment. Please refresh your access_token manually. Or add STRAVA_CLIENT_ID and STRAVA_CLIENT_SECRET to your environment.Add SILENCE_TOKEN_WARNINGS=true to your environment to silence this warning.
2026-03-12 17:48:02.149 INFO protocol - _request: POST 'https://www.strava.com/oauth/token' with params {'client_id': '207382', 'client_secret': '985eda0742ae656cfc1908cfd92767451eb3d490', 'code': None, 'grant_type': 'authorization_code'}
2026-03-12 17:48:02.180 DEBUG connectionpool - _new_conn: Starting new HTTPS connection (1): www.strava.com:443
2026-03-12 17:48:02.386 DEBUG connectionpool - _make_request: https://www.strava.com:443 "POST /oauth/token?client_id=207382&client_secret=985eda0742ae656cfc1908cfd92767451eb3d490&grant_type=authorization_code HTTP/1.1" 400 None
2026-03-12 17:48:02.387 DEBUG limiter - __call__: Throttling based on rates: None
2026-03-12 17:48:02.388 WARNING limiter - __call__: No rates present in response headers
2026-03-12 17:49:47.302 WARNING bikeCompFollowUp - main: Inicio pyiOS!!!
2026-03-12 17:49:47.384 DEBUG selector_events - __init__: Using selector: KqueueSelector
2026-03-12 17:49:47.589 INFO bikeCompFollowUp - arrancarDB: Successfully Connected to SQLite
2026-03-12 17:49:47.589 INFO bikeCompFollowUp - arrancarDB: Creación Base de Datos y Tablas principales.
2026-03-12 17:49:47.591 INFO bikeCompFollowUp - arrancarDB: Ejecución SQL creación tablas.
2026-03-12 17:49:47.591 INFO bikeCompFollowUp - arrancarDB: Tablas DB creadas
2026-03-12 17:49:47.591 INFO bikeCompFollowUp - arrancarDB: Fin acciones Base de Datos
2026-03-12 17:49:47.627 WARNING warnings - _showwarnmsg: <string>:31: DeprecationWarning: Pack.padding is deprecated. Use Pack.margin instead.

2026-03-12 17:49:50.524 INFO stravaConnect - __init__: Successfully Connected to SQLite
2026-03-12 17:49:50.526 WARNING protocol - _check_credentials: Please make sure your STRAVA_CLIENT_ID is set in your environment.Add SILENCE_TOKEN_WARNINGS=true to your environment to disable this error.
2026-03-12 17:49:50.526 WARNING protocol - _check_credentials: STRAVA_CLIENT_ID and STRAVA_CLIENT_SECRET not found in your  environment. Please refresh your access_token manually. Or add STRAVA_CLIENT_ID and STRAVA_CLIENT_SECRET to your environment.Add SILENCE_TOKEN_WARNINGS=true to your environment to silence this warning.
2026-03-12 17:49:50.714 INFO protocol - _request: POST 'https://www.strava.com/oauth/token' with params {'client_id': '207382', 'client_secret': '985eda0742ae656cfc1908cfd92767451eb3d490', 'code': None, 'grant_type': 'authorization_code'}
2026-03-12 17:49:50.748 DEBUG connectionpool - _new_conn: Starting new HTTPS connection (1): www.strava.com:443
2026-03-12 17:49:50.983 DEBUG connectionpool - _make_request: https://www.strava.com:443 "POST /oauth/token?client_id=207382&client_secret=985eda0742ae656cfc1908cfd92767451eb3d490&grant_type=authorization_code HTTP/1.1" 400 None
2026-03-12 17:49:50.984 DEBUG limiter - __call__: Throttling based on rates: None
2026-03-12 17:49:50.984 WARNING limiter - __call__: No rates present in response headers
2026-03-12 17:51:22.946 WARNING bikeCompFollowUp - main: Inicio pyiOS!!!
2026-03-12 17:51:23.018 DEBUG selector_events - __init__: Using selector: KqueueSelector
2026-03-12 17:51:23.189 INFO bikeCompFollowUp - arrancarDB: Successfully Connected to SQLite
2026-03-12 17:51:23.189 INFO bikeCompFollowUp - arrancarDB: Creación Base de Datos y Tablas principales.
2026-03-12 17:51:23.190 INFO bikeCompFollowUp - arrancarDB: Ejecución SQL creación tablas.
2026-03-12 17:51:23.190 INFO bikeCompFollowUp - arrancarDB: Tablas DB creadas
2026-03-12 17:51:23.190 INFO bikeCompFollowUp - arrancarDB: Fin acciones Base de Datos
2026-03-12 17:51:23.222 WARNING warnings - _showwarnmsg: <string>:31: DeprecationWarning: Pack.padding is deprecated. Use Pack.margin instead.

2026-03-12 17:51:25.860 INFO stravaConnect - __init__: Successfully Connected to SQLite
2026-03-12 17:51:25.861 WARNING protocol - _check_credentials: Please make sure your STRAVA_CLIENT_ID is set in your environment.Add SILENCE_TOKEN_WARNINGS=true to your environment to disable this error.
2026-03-12 17:51:25.862 WARNING protocol - _check_credentials: STRAVA_CLIENT_ID and STRAVA_CLIENT_SECRET not found in your  environment. Please refresh your access_token manually. Or add STRAVA_CLIENT_ID and STRAVA_CLIENT_SECRET to your environment.Add SILENCE_TOKEN_WARNINGS=true to your environment to silence this warning.
2026-03-12 17:52:29.982 WARNING bikeCompFollowUp - main: Inicio pyiOS!!!
2026-03-12 17:52:30.055 DEBUG selector_events - __init__: Using selector: KqueueSelector
2026-03-12 17:52:30.251 INFO bikeCompFollowUp - arrancarDB: Successfully Connected to SQLite
2026-03-12 17:52:30.251 INFO bikeCompFollowUp - arrancarDB: Creación Base de Datos y Tablas principales.
2026-03-12 17:52:30.252 INFO bikeCompFollowUp - arrancarDB: Ejecución SQL creación tablas.
2026-03-12 17:52:30.252 INFO bikeCompFollowUp - arrancarDB: Tablas DB creadas
2026-03-12 17:52:30.252 INFO bikeCompFollowUp - arrancarDB: Fin acciones Base de Datos
2026-03-12 17:52:30.285 WARNING warnings - _showwarnmsg: <string>:31: DeprecationWarning: Pack.padding is deprecated. Use Pack.margin instead.

2026-03-12 17:52:32.621 INFO stravaConnect - __init__: Successfully Connected to SQLite
2026-03-12 17:52:32.623 WARNING protocol - _check_credentials: Please make sure your STRAVA_CLIENT_ID is set in your environment.Add SILENCE_TOKEN_WARNINGS=true to your environment to disable this error.
2026-03-12 17:52:32.623 WARNING protocol - _check_credentials: STRAVA_CLIENT_ID and STRAVA_CLIENT_SECRET not found in your  environment. Please refresh your access_token manually. Or add STRAVA_CLIENT_ID and STRAVA_CLIENT_SECRET to your environment.Add SILENCE_TOKEN_WARNINGS=true to your environment to silence this warning.
2026-03-12 17:56:47.601 WARNING bikeCompFollowUp - main: Inicio pyiOS!!!
2026-03-12 17:56:47.682 DEBUG selector_events - __init__: Using selector: KqueueSelector
2026-03-12 17:56:47.868 INFO bikeCompFollowUp - arrancarDB: Successfully Connected to SQLite
2026-03-12 17:56:47.868 INFO bikeCompFollowUp - arrancarDB: Creación Base de Datos y Tablas principales.
2026-03-12 17:56:47.868 INFO bikeCompFollowUp - arrancarDB: Ejecución SQL creación tablas.
2026-03-12 17:56:47.868 INFO bikeCompFollowUp - arrancarDB: Tablas DB creadas
2026-03-12 17:56:47.869 INFO bikeCompFollowUp - arrancarDB: Fin acciones Base de Datos
2026-03-12 17:56:47.902 WARNING warnings - _showwarnmsg: <string>:31: DeprecationWarning: Pack.padding is deprecated. Use Pack.margin instead.

2026-03-12 17:56:50.354 INFO stravaConnect - __init__: Successfully Connected to SQLite
2026-03-12 17:56:50.356 WARNING protocol - _check_credentials: Please make sure your STRAVA_CLIENT_ID is set in your environment.Add SILENCE_TOKEN_WARNINGS=true to your environment to disable this error.
2026-03-12 17:56:50.356 WARNING protocol - _check_credentials: STRAVA_CLIENT_ID and STRAVA_CLIENT_SECRET not found in your  environment. Please refresh your access_token manually. Or add STRAVA_CLIENT_ID and STRAVA_CLIENT_SECRET to your environment.Add SILENCE_TOKEN_WARNINGS=true to your environment to silence this warning.
2026-03-13 12:46:40.902 WARNING bikeCompFollowUp - main: Inicio pyiOS!!!
2026-03-13 12:46:41.027 DEBUG selector_events - __init__: Using selector: KqueueSelector
2026-03-13 12:46:41.315 INFO bikeCompFollowUp - arrancarDB: Successfully Connected to SQLite
2026-03-13 12:46:41.315 INFO bikeCompFollowUp - arrancarDB: Creación Base de Datos y Tablas principales.
2026-03-13 12:46:41.316 INFO bikeCompFollowUp - arrancarDB: Ejecución SQL creación tablas.
2026-03-13 12:46:41.316 INFO bikeCompFollowUp - arrancarDB: Tablas DB creadas
2026-03-13 12:46:41.316 INFO bikeCompFollowUp - arrancarDB: Fin acciones Base de Datos
2026-03-13 12:46:41.353 WARNING warnings - _showwarnmsg: <string>:31: DeprecationWarning: Pack.padding is deprecated. Use Pack.margin instead.

2026-03-13 12:46:48.306 INFO stravaConnect - __init__: Successfully Connected to SQLite
2026-03-13 12:46:48.309 WARNING protocol - _check_credentials: Please make sure your STRAVA_CLIENT_ID is set in your environment.Add SILENCE_TOKEN_WARNINGS=true to your environment to disable this error.
2026-03-13 12:46:48.309 WARNING protocol - _check_credentials: STRAVA_CLIENT_ID and STRAVA_CLIENT_SECRET not found in your  environment. Please refresh your access_token manually. Or add STRAVA_CLIENT_ID and STRAVA_CLIENT_SECRET to your environment.Add SILENCE_TOKEN_WARNINGS=true to your environment to silence this warning.
2026-03-13 12:47:27.981 WARNING bikeCompFollowUp - main: Inicio pyiOS!!!
2026-03-13 12:47:28.048 DEBUG selector_events - __init__: Using selector: KqueueSelector
2026-03-13 12:47:28.229 INFO bikeCompFollowUp - arrancarDB: Successfully Connected to SQLite
2026-03-13 12:47:28.230 INFO bikeCompFollowUp - arrancarDB: Creación Base de Datos y Tablas principales.
2026-03-13 12:47:28.230 INFO bikeCompFollowUp - arrancarDB: Ejecución SQL creación tablas.
2026-03-13 12:47:28.230 INFO bikeCompFollowUp - arrancarDB: Tablas DB creadas
2026-03-13 12:47:28.230 INFO bikeCompFollowUp - arrancarDB: Fin acciones Base de Datos
2026-03-13 12:47:28.262 WARNING warnings - _showwarnmsg: <string>:31: DeprecationWarning: Pack.padding is deprecated. Use Pack.margin instead.

2026-03-13 12:47:32.084 INFO stravaConnect - __init__: Successfully Connected to SQLite
2026-03-13 12:47:32.087 WARNING protocol - _check_credentials: Please make sure your STRAVA_CLIENT_ID is set in your environment.Add SILENCE_TOKEN_WARNINGS=true to your environment to disable this error.
2026-03-13 12:47:32.087 WARNING protocol - _check_credentials: STRAVA_CLIENT_ID and STRAVA_CLIENT_SECRET not found in your  environment. Please refresh your access_token manually. Or add STRAVA_CLIENT_ID and STRAVA_CLIENT_SECRET to your environment.Add SILENCE_TOKEN_WARNINGS=true to your environment to silence this warning.
2026-03-13 12:47:35.825 WARNING warnings - _showwarnmsg: /Users/memmaker650/PycharmProjects/BikeCompFollowUp/stravaConnect.py:158: ResourceWarning: unclosed <socket.socket fd=13, family=2, type=1, proto=0, laddr=('127.0.0.1', 5000)>
  code = self.get_strava_code(CLIENT_ID)

2026-03-13 12:47:35.825 INFO protocol - _request: POST 'https://www.strava.com/oauth/token' with params {'client_id': '207382', 'client_secret': '985eda0742ae656cfc1908cfd92767451eb3d490', 'code': 'ae2605e2fd212bf03e8f09943f4b0b28d5689cc2', 'grant_type': 'authorization_code'}
2026-03-13 12:47:35.861 DEBUG connectionpool - _new_conn: Starting new HTTPS connection (1): www.strava.com:443
2026-03-13 12:47:36.124 DEBUG connectionpool - _make_request: https://www.strava.com:443 "POST /oauth/token?client_id=207382&client_secret=985eda0742ae656cfc1908cfd92767451eb3d490&code=ae2605e2fd212bf03e8f09943f4b0b28d5689cc2&grant_type=authorization_code HTTP/1.1" 200 None
2026-03-13 12:47:36.125 DEBUG limiter - __call__: Throttling based on rates: None
2026-03-13 12:47:36.125 WARNING limiter - __call__: No rates present in response headers
2026-03-13 12:47:36.125 INFO protocol - _request: GET 'https://www.strava.com/api/v3/athlete' with params {}
2026-03-13 12:47:36.304 DEBUG connectionpool - _make_request: https://www.strava.com:443 "GET /api/v3/athlete?access_token=1fcfe2bea325324a9c47246bb6a8351f3411da88 HTTP/1.1" 200 None
2026-03-13 12:47:36.304 DEBUG limiter - __call__: Throttling based on rates: RequestRate(short_usage=1, long_usage=1, short_limit=100, long_limit=1000)
2026-03-13 12:47:36.306 INFO protocol - _request: GET 'https://www.strava.com/api/v3/athlete/activities' with params {'before': 1767139200, 'after': None, 'page': 1, 'per_page': 200}
2026-03-13 12:47:41.595 DEBUG connectionpool - _make_request: https://www.strava.com:443 "GET /api/v3/athlete/activities?before=1767139200&page=1&per_page=200&access_token=1fcfe2bea325324a9c47246bb6a8351f3411da88 HTTP/1.1" 200 None
2026-03-13 12:47:41.884 DEBUG limiter - __call__: Throttling based on rates: RequestRate(short_usage=2, long_usage=2, short_limit=100, long_limit=1000)
2026-03-13 12:47:41.931 DEBUG client - _fill_buffer: Requested page 1 (got: 200 items)
2026-03-13 12:47:41.932 INFO protocol - _request: GET 'https://www.strava.com/api/v3/athlete/activities' with params {'before': 1767139200, 'after': None, 'page': 2, 'per_page': 200}
2026-03-13 12:47:47.231 DEBUG connectionpool - _make_request: https://www.strava.com:443 "GET /api/v3/athlete/activities?before=1767139200&page=2&per_page=200&access_token=1fcfe2bea325324a9c47246bb6a8351f3411da88 HTTP/1.1" 200 None
2026-03-13 12:47:47.425 DEBUG limiter - __call__: Throttling based on rates: RequestRate(short_usage=3, long_usage=3, short_limit=100, long_limit=1000)
2026-03-13 12:47:47.437 DEBUG client - _fill_buffer: Requested page 2 (got: 200 items)
2026-03-13 12:47:47.438 INFO protocol - _request: GET 'https://www.strava.com/api/v3/athlete/activities' with params {'before': 1767139200, 'after': None, 'page': 3, 'per_page': 200}
2026-03-13 12:47:54.588 DEBUG connectionpool - _make_request: https://www.strava.com:443 "GET /api/v3/athlete/activities?before=1767139200&page=3&per_page=200&access_token=1fcfe2bea325324a9c47246bb6a8351f3411da88 HTTP/1.1" 200 None
2026-03-13 12:47:54.832 DEBUG limiter - __call__: Throttling based on rates: RequestRate(short_usage=4, long_usage=4, short_limit=100, long_limit=1000)
2026-03-13 12:47:54.845 DEBUG client - _fill_buffer: Requested page 3 (got: 200 items)
2026-03-13 12:47:54.846 INFO protocol - _request: GET 'https://www.strava.com/api/v3/athlete/activities' with params {'before': 1767139200, 'after': None, 'page': 4, 'per_page': 200}
2026-03-13 12:48:02.018 DEBUG connectionpool - _make_request: https://www.strava.com:443 "GET /api/v3/athlete/activities?before=1767139200&page=4&per_page=200&access_token=1fcfe2bea325324a9c47246bb6a8351f3411da88 HTTP/1.1" 200 None
2026-03-13 12:48:02.026 DEBUG limiter - __call__: Throttling based on rates: RequestRate(short_usage=5, long_usage=5, short_limit=100, long_limit=1000)
2026-03-13 12:48:02.043 DEBUG client - _fill_buffer: Requested page 4 (got: 200 items)
2026-03-13 12:48:02.044 INFO protocol - _request: GET 'https://www.strava.com/api/v3/athlete/activities' with params {'before': 1767139200, 'after': None, 'page': 5, 'per_page': 200}
2026-03-13 12:48:10.514 DEBUG connectionpool - _make_request: https://www.strava.com:443 "GET /api/v3/athlete/activities?before=1767139200&page=5&per_page=200&access_token=1fcfe2bea325324a9c47246bb6a8351f3411da88 HTTP/1.1" 200 None
2026-03-13 12:48:10.518 DEBUG limiter - __call__: Throttling based on rates: RequestRate(short_usage=6, long_usage=6, short_limit=100, long_limit=1000)
2026-03-13 12:48:10.531 DEBUG client - _fill_buffer: Requested page 5 (got: 200 items)
2026-03-13 12:48:10.531 INFO protocol - _request: GET 'https://www.strava.com/api/v3/athlete/activities' with params {'before': 1767139200, 'after': None, 'page': 6, 'per_page': 200}
2026-03-13 12:48:12.475 DEBUG connectionpool - _make_request: https://www.strava.com:443 "GET /api/v3/athlete/activities?before=1767139200&page=6&per_page=200&access_token=1fcfe2bea325324a9c47246bb6a8351f3411da88 HTTP/1.1" 200 None
2026-03-13 12:48:12.476 DEBUG limiter - __call__: Throttling based on rates: RequestRate(short_usage=7, long_usage=7, short_limit=100, long_limit=1000)
2026-03-13 12:48:12.481 DEBUG client - _fill_buffer: Requested page 6 (got: 48 items)
2026-03-13 12:48:12.482 INFO protocol - _request: GET 'https://www.strava.com/api/v3/athlete/activities' with params {'before': 1773406056, 'after': None, 'page': 1, 'per_page': 200}
2026-03-13 12:48:15.681 DEBUG connectionpool - _make_request: https://www.strava.com:443 "GET /api/v3/athlete/activities?before=1773406056&page=1&per_page=200&access_token=1fcfe2bea325324a9c47246bb6a8351f3411da88 HTTP/1.1" 200 None
2026-03-13 12:48:15.965 DEBUG limiter - __call__: Throttling based on rates: RequestRate(short_usage=8, long_usage=8, short_limit=100, long_limit=1000)
2026-03-13 12:48:15.982 DEBUG client - _fill_buffer: Requested page 1 (got: 200 items)
2026-03-13 12:48:15.983 INFO protocol - _request: GET 'https://www.strava.com/api/v3/athlete/activities' with params {'before': 1773406056, 'after': None, 'page': 2, 'per_page': 200}
2026-03-13 12:48:18.374 DEBUG connectionpool - _make_request: https://www.strava.com:443 "GET /api/v3/athlete/activities?before=1773406056&page=2&per_page=200&access_token=1fcfe2bea325324a9c47246bb6a8351f3411da88 HTTP/1.1" 200 None
2026-03-13 12:48:18.381 DEBUG limiter - __call__: Throttling based on rates: RequestRate(short_usage=9, long_usage=9, short_limit=100, long_limit=1000)
2026-03-13 12:48:18.395 DEBUG client - _fill_buffer: Requested page 2 (got: 200 items)
2026-03-13 12:48:18.396 INFO protocol - _request: GET 'https://www.strava.com/api/v3/athlete/activities' with params {'before': 1773406056, 'after': None, 'page': 3, 'per_page': 200}
2026-03-13 12:48:21.538 DEBUG connectionpool - _make_request: https://www.strava.com:443 "GET /api/v3/athlete/activities?before=1773406056&page=3&per_page=200&access_token=1fcfe2bea325324a9c47246bb6a8351f3411da88 HTTP/1.1" 200 None
2026-03-13 12:48:21.732 DEBUG limiter - __call__: Throttling based on rates: RequestRate(short_usage=10, long_usage=10, short_limit=100, long_limit=1000)
2026-03-13 12:48:21.749 DEBUG client - _fill_buffer: Requested page 3 (got: 200 items)
2026-03-13 12:48:21.750 INFO protocol - _request: GET 'https://www.strava.com/api/v3/athlete/activities' with params {'before': 1773406056, 'after': None, 'page': 4, 'per_page': 200}
2026-03-13 12:48:24.826 DEBUG connectionpool - _make_request: https://www.strava.com:443 "GET /api/v3/athlete/activities?before=1773406056&page=4&per_page=200&access_token=1fcfe2bea325324a9c47246bb6a8351f3411da88 HTTP/1.1" 200 None
2026-03-13 12:48:24.844 DEBUG limiter - __call__: Throttling based on rates: RequestRate(short_usage=11, long_usage=11, short_limit=100, long_limit=1000)
2026-03-13 12:48:24.864 DEBUG client - _fill_buffer: Requested page 4 (got: 200 items)
2026-03-13 12:48:24.865 INFO protocol - _request: GET 'https://www.strava.com/api/v3/athlete/activities' with params {'before': 1773406056, 'after': None, 'page': 5, 'per_page': 200}
2026-03-13 12:48:29.483 DEBUG connectionpool - _make_request: https://www.strava.com:443 "GET /api/v3/athlete/activities?before=1773406056&page=5&per_page=200&access_token=1fcfe2bea325324a9c47246bb6a8351f3411da88 HTTP/1.1" 200 None
2026-03-13 12:48:29.623 DEBUG limiter - __call__: Throttling based on rates: RequestRate(short_usage=12, long_usage=12, short_limit=100, long_limit=1000)
2026-03-13 12:48:29.640 DEBUG client - _fill_buffer: Requested page 5 (got: 200 items)
2026-03-13 12:48:29.641 INFO protocol - _request: GET 'https://www.strava.com/api/v3/athlete/activities' with params {'before': 1773406056, 'after': None, 'page': 6, 'per_page': 200}
2026-03-13 12:48:31.165 DEBUG connectionpool - _make_request: https://www.strava.com:443 "GET /api/v3/athlete/activities?before=1773406056&page=6&per_page=200&access_token=1fcfe2bea325324a9c47246bb6a8351f3411da88 HTTP/1.1" 200 None
2026-03-13 12:48:31.167 DEBUG limiter - __call__: Throttling based on rates: RequestRate(short_usage=13, long_usage=13, short_limit=100, long_limit=1000)
2026-03-13 12:48:31.173 DEBUG client - _fill_buffer: Requested page 6 (got: 60 items)
2026-03-13 12:48:31.178 INFO stravaConnect - guardarDatosBDD: Registro insertado correctamente
2026-03-13 15:02:52.955 WARNING bikeCompFollowUp - main: Inicio pyiOS!!!
2026-03-13 15:02:53.106 DEBUG selector_events - __init__: Using selector: KqueueSelector
2026-03-13 15:02:53.423 INFO bikeCompFollowUp - arrancarDB: Successfully Connected to SQLite
2026-03-13 15:02:53.423 INFO bikeCompFollowUp - arrancarDB: Creación Base de Datos y Tablas principales.
2026-03-13 15:02:53.424 INFO bikeCompFollowUp - arrancarDB: Ejecución SQL creación tablas.
2026-03-13 15:02:53.424 INFO bikeCompFollowUp - arrancarDB: Tablas DB creadas
2026-03-13 15:02:53.424 INFO bikeCompFollowUp - arrancarDB: Fin acciones Base de Datos
2026-03-13 15:02:53.458 WARNING warnings - _showwarnmsg: <string>:31: DeprecationWarning: Pack.padding is deprecated. Use Pack.margin instead.

2026-03-13 15:02:57.707 INFO stravaConnect - __init__: Successfully Connected to SQLite
2026-03-13 15:02:57.709 WARNING protocol - _check_credentials: Please make sure your STRAVA_CLIENT_ID is set in your environment.Add SILENCE_TOKEN_WARNINGS=true to your environment to disable this error.
2026-03-13 15:02:57.709 WARNING protocol - _check_credentials: STRAVA_CLIENT_ID and STRAVA_CLIENT_SECRET not found in your  environment. Please refresh your access_token manually. Or add STRAVA_CLIENT_ID and STRAVA_CLIENT_SECRET to your environment.Add SILENCE_TOKEN_WARNINGS=true to your environment to silence this warning.
2026-03-13 15:04:23.658 WARNING bikeCompFollowUp - main: Inicio pyiOS!!!
2026-03-13 15:04:23.723 DEBUG selector_events - __init__: Using selector: KqueueSelector
2026-03-13 15:04:23.906 INFO bikeCompFollowUp - arrancarDB: Successfully Connected to SQLite
2026-03-13 15:04:23.906 INFO bikeCompFollowUp - arrancarDB: Creación Base de Datos y Tablas principales.
2026-03-13 15:04:23.907 INFO bikeCompFollowUp - arrancarDB: Ejecución SQL creación tablas.
2026-03-13 15:04:23.907 INFO bikeCompFollowUp - arrancarDB: Tablas DB creadas
2026-03-13 15:04:23.907 INFO bikeCompFollowUp - arrancarDB: Fin acciones Base de Datos
2026-03-13 15:04:23.939 WARNING warnings - _showwarnmsg: <string>:31: DeprecationWarning: Pack.padding is deprecated. Use Pack.margin instead.

2026-03-13 15:04:28.431 INFO stravaConnect - __init__: Successfully Connected to SQLite
2026-03-13 15:04:28.433 WARNING protocol - _check_credentials: Please make sure your STRAVA_CLIENT_ID is set in your environment.Add SILENCE_TOKEN_WARNINGS=true to your environment to disable this error.
2026-03-13 15:04:28.433 WARNING protocol - _check_credentials: STRAVA_CLIENT_ID and STRAVA_CLIENT_SECRET not found in your  environment. Please refresh your access_token manually. Or add STRAVA_CLIENT_ID and STRAVA_CLIENT_SECRET to your environment.Add SILENCE_TOKEN_WARNINGS=true to your environment to silence this warning.
2026-03-13 15:04:31.512 WARNING warnings - _showwarnmsg: /Users/memmaker650/PycharmProjects/BikeCompFollowUp/stravaConnect.py:162: ResourceWarning: unclosed <socket.socket fd=13, family=2, type=1, proto=0, laddr=('127.0.0.1', 5000)>
  code = self.get_strava_code(CLIENT_ID)

2026-03-13 15:05:26.901 WARNING bikeCompFollowUp - main: Inicio pyiOS!!!
2026-03-13 15:05:26.972 DEBUG selector_events - __init__: Using selector: KqueueSelector
2026-03-13 15:05:27.151 INFO bikeCompFollowUp - arrancarDB: Successfully Connected to SQLite
2026-03-13 15:05:27.151 INFO bikeCompFollowUp - arrancarDB: Creación Base de Datos y Tablas principales.
2026-03-13 15:05:27.152 INFO bikeCompFollowUp - arrancarDB: Ejecución SQL creación tablas.
2026-03-13 15:05:27.152 INFO bikeCompFollowUp - arrancarDB: Tablas DB creadas
2026-03-13 15:05:27.152 INFO bikeCompFollowUp - arrancarDB: Fin acciones Base de Datos
2026-03-13 15:05:27.185 WARNING warnings - _showwarnmsg: <string>:31: DeprecationWarning: Pack.padding is deprecated. Use Pack.margin instead.

2026-03-13 15:05:32.690 INFO stravaConnect - __init__: Successfully Connected to SQLite
2026-03-13 15:05:32.693 WARNING protocol - _check_credentials: Please make sure your STRAVA_CLIENT_ID is set in your environment.Add SILENCE_TOKEN_WARNINGS=true to your environment to disable this error.
2026-03-13 15:05:32.693 WARNING protocol - _check_credentials: STRAVA_CLIENT_ID and STRAVA_CLIENT_SECRET not found in your  environment. Please refresh your access_token manually. Or add STRAVA_CLIENT_ID and STRAVA_CLIENT_SECRET to your environment.Add SILENCE_TOKEN_WARNINGS=true to your environment to silence this warning.
2026-03-13 15:05:35.565 WARNING warnings - _showwarnmsg: /Users/memmaker650/PycharmProjects/BikeCompFollowUp/stravaConnect.py:162: ResourceWarning: unclosed <socket.socket fd=13, family=2, type=1, proto=0, laddr=('127.0.0.1', 5000)>
  code = self.get_strava_code(CLIENT_ID)

2026-03-13 15:05:35.596 DEBUG connectionpool - _new_conn: Starting new HTTPS connection (1): www.strava.com:443
2026-03-13 15:05:35.913 DEBUG connectionpool - _make_request: https://www.strava.com:443 "POST /oauth/token HTTP/1.1" 200 None
2026-03-13 15:06:33.771 WARNING bikeCompFollowUp - main: Inicio pyiOS!!!
2026-03-13 15:06:33.839 DEBUG selector_events - __init__: Using selector: KqueueSelector
2026-03-13 15:06:34.023 INFO bikeCompFollowUp - arrancarDB: Successfully Connected to SQLite
2026-03-13 15:06:34.023 INFO bikeCompFollowUp - arrancarDB: Creación Base de Datos y Tablas principales.
2026-03-13 15:06:34.024 INFO bikeCompFollowUp - arrancarDB: Ejecución SQL creación tablas.
2026-03-13 15:06:34.024 INFO bikeCompFollowUp - arrancarDB: Tablas DB creadas
2026-03-13 15:06:34.024 INFO bikeCompFollowUp - arrancarDB: Fin acciones Base de Datos
2026-03-13 15:06:34.055 WARNING warnings - _showwarnmsg: <string>:31: DeprecationWarning: Pack.padding is deprecated. Use Pack.margin instead.

2026-03-13 15:06:36.874 INFO stravaConnect - __init__: Successfully Connected to SQLite
2026-03-13 15:06:36.876 WARNING protocol - _check_credentials: Please make sure your STRAVA_CLIENT_ID is set in your environment.Add SILENCE_TOKEN_WARNINGS=true to your environment to disable this error.
2026-03-13 15:06:36.876 WARNING protocol - _check_credentials: STRAVA_CLIENT_ID and STRAVA_CLIENT_SECRET not found in your  environment. Please refresh your access_token manually. Or add STRAVA_CLIENT_ID and STRAVA_CLIENT_SECRET to your environment.Add SILENCE_TOKEN_WARNINGS=true to your environment to silence this warning.
2026-03-13 15:06:47.088 WARNING warnings - _showwarnmsg: /Users/memmaker650/PycharmProjects/BikeCompFollowUp/stravaConnect.py:162: ResourceWarning: unclosed <socket.socket fd=13, family=2, type=1, proto=0, laddr=('127.0.0.1', 5000)>
  code = self.get_strava_code(CLIENT_ID)

2026-03-13 15:06:47.094 DEBUG connectionpool - _new_conn: Starting new HTTPS connection (1): www.strava.com:443
2026-03-13 15:06:47.284 DEBUG connectionpool - _make_request: https://www.strava.com:443 "POST /oauth/token HTTP/1.1" 200 None
2026-03-13 15:07:35.238 WARNING bikeCompFollowUp - main: Inicio pyiOS!!!
2026-03-13 15:07:35.314 DEBUG selector_events - __init__: Using selector: KqueueSelector
2026-03-13 15:07:35.499 INFO bikeCompFollowUp - arrancarDB: Successfully Connected to SQLite
2026-03-13 15:07:35.499 INFO bikeCompFollowUp - arrancarDB: Creación Base de Datos y Tablas principales.
2026-03-13 15:07:35.500 INFO bikeCompFollowUp - arrancarDB: Ejecución SQL creación tablas.
2026-03-13 15:07:35.500 INFO bikeCompFollowUp - arrancarDB: Tablas DB creadas
2026-03-13 15:07:35.500 INFO bikeCompFollowUp - arrancarDB: Fin acciones Base de Datos
2026-03-13 15:07:35.532 WARNING warnings - _showwarnmsg: <string>:31: DeprecationWarning: Pack.padding is deprecated. Use Pack.margin instead.

2026-03-13 15:07:43.519 INFO stravaConnect - __init__: Successfully Connected to SQLite
2026-03-13 15:07:43.521 WARNING protocol - _check_credentials: Please make sure your STRAVA_CLIENT_ID is set in your environment.Add SILENCE_TOKEN_WARNINGS=true to your environment to disable this error.
2026-03-13 15:07:43.521 WARNING protocol - _check_credentials: STRAVA_CLIENT_ID and STRAVA_CLIENT_SECRET not found in your  environment. Please refresh your access_token manually. Or add STRAVA_CLIENT_ID and STRAVA_CLIENT_SECRET to your environment.Add SILENCE_TOKEN_WARNINGS=true to your environment to silence this warning.
2026-03-13 15:07:46.205 WARNING warnings - _showwarnmsg: /Users/memmaker650/PycharmProjects/BikeCompFollowUp/stravaConnect.py:162: ResourceWarning: unclosed <socket.socket fd=13, family=2, type=1, proto=0, laddr=('127.0.0.1', 5000)>
  code = self.get_strava_code(CLIENT_ID)

2026-03-13 15:07:46.234 DEBUG connectionpool - _new_conn: Starting new HTTPS connection (1): www.strava.com:443
2026-03-13 15:07:46.517 DEBUG connectionpool - _make_request: https://www.strava.com:443 "POST /oauth/token HTTP/1.1" 200 None
2026-03-13 15:13:06.865 WARNING bikeCompFollowUp - main: Inicio pyiOS!!!
2026-03-13 15:13:06.939 DEBUG selector_events - __init__: Using selector: KqueueSelector
2026-03-13 15:13:07.124 INFO bikeCompFollowUp - arrancarDB: Successfully Connected to SQLite
2026-03-13 15:13:07.124 INFO bikeCompFollowUp - arrancarDB: Creación Base de Datos y Tablas principales.
2026-03-13 15:13:07.124 INFO bikeCompFollowUp - arrancarDB: Ejecución SQL creación tablas.
2026-03-13 15:13:07.124 INFO bikeCompFollowUp - arrancarDB: Tablas DB creadas
2026-03-13 15:13:07.124 INFO bikeCompFollowUp - arrancarDB: Fin acciones Base de Datos
2026-03-13 15:13:07.157 WARNING warnings - _showwarnmsg: <string>:31: DeprecationWarning: Pack.padding is deprecated. Use Pack.margin instead.

2026-03-13 15:13:12.617 INFO stravaConnect - __init__: Successfully Connected to SQLite
2026-03-13 15:13:12.620 WARNING protocol - _check_credentials: Please make sure your STRAVA_CLIENT_ID is set in your environment.Add SILENCE_TOKEN_WARNINGS=true to your environment to disable this error.
2026-03-13 15:13:12.620 WARNING protocol - _check_credentials: STRAVA_CLIENT_ID and STRAVA_CLIENT_SECRET not found in your  environment. Please refresh your access_token manually. Or add STRAVA_CLIENT_ID and STRAVA_CLIENT_SECRET to your environment.Add SILENCE_TOKEN_WARNINGS=true to your environment to silence this warning.
2026-03-13 15:13:15.716 WARNING warnings - _showwarnmsg: /Users/memmaker650/PycharmProjects/BikeCompFollowUp/stravaConnect.py:162: ResourceWarning: unclosed <socket.socket fd=13, family=2, type=1, proto=0, laddr=('127.0.0.1', 5000)>
  code = self.get_strava_code(CLIENT_ID)

2026-03-13 15:13:15.750 DEBUG connectionpool - _new_conn: Starting new HTTPS connection (1): www.strava.com:443
2026-03-13 15:13:16.043 DEBUG connectionpool - _make_request: https://www.strava.com:443 "POST /oauth/token HTTP/1.1" 200 None
2026-03-13 15:13:16.048 INFO protocol - _request: GET 'https://www.strava.com/api/v3/athlete' with params {}
2026-03-13 15:13:16.058 DEBUG connectionpool - _new_conn: Starting new HTTPS connection (1): www.strava.com:443
2026-03-13 15:13:16.224 DEBUG connectionpool - _make_request: https://www.strava.com:443 "GET /api/v3/athlete HTTP/1.1" 401 None
2026-03-13 15:13:16.224 DEBUG limiter - __call__: Throttling based on rates: None
2026-03-13 15:13:16.224 WARNING limiter - __call__: No rates present in response headers
2026-03-13 15:16:51.103 WARNING bikeCompFollowUp - main: Inicio pyiOS!!!
2026-03-13 15:16:51.174 DEBUG selector_events - __init__: Using selector: KqueueSelector
2026-03-13 15:16:51.366 INFO bikeCompFollowUp - arrancarDB: Successfully Connected to SQLite
2026-03-13 15:16:51.366 INFO bikeCompFollowUp - arrancarDB: Creación Base de Datos y Tablas principales.
2026-03-13 15:16:51.366 INFO bikeCompFollowUp - arrancarDB: Ejecución SQL creación tablas.
2026-03-13 15:16:51.366 INFO bikeCompFollowUp - arrancarDB: Tablas DB creadas
2026-03-13 15:16:51.366 INFO bikeCompFollowUp - arrancarDB: Fin acciones Base de Datos
2026-03-13 15:16:51.398 WARNING warnings - _showwarnmsg: <string>:31: DeprecationWarning: Pack.padding is deprecated. Use Pack.margin instead.

2026-03-13 15:16:53.586 INFO stravaConnect - __init__: Successfully Connected to SQLite
2026-03-13 15:16:53.588 WARNING protocol - _check_credentials: Please make sure your STRAVA_CLIENT_ID is set in your environment.Add SILENCE_TOKEN_WARNINGS=true to your environment to disable this error.
2026-03-13 15:16:53.588 WARNING protocol - _check_credentials: STRAVA_CLIENT_ID and STRAVA_CLIENT_SECRET not found in your  environment. Please refresh your access_token manually. Or add STRAVA_CLIENT_ID and STRAVA_CLIENT_SECRET to your environment.Add SILENCE_TOKEN_WARNINGS=true to your environment to silence this warning.
2026-03-13 15:18:18.059 WARNING bikeCompFollowUp - main: Inicio pyiOS!!!
2026-03-13 15:18:18.129 DEBUG selector_events - __init__: Using selector: KqueueSelector
2026-03-13 15:18:18.323 INFO bikeCompFollowUp - arrancarDB: Successfully Connected to SQLite
2026-03-13 15:18:18.323 INFO bikeCompFollowUp - arrancarDB: Creación Base de Datos y Tablas principales.
2026-03-13 15:18:18.324 INFO bikeCompFollowUp - arrancarDB: Ejecución SQL creación tablas.
2026-03-13 15:18:18.324 INFO bikeCompFollowUp - arrancarDB: Tablas DB creadas
2026-03-13 15:18:18.324 INFO bikeCompFollowUp - arrancarDB: Fin acciones Base de Datos
2026-03-13 15:18:18.358 WARNING warnings - _showwarnmsg: <string>:31: DeprecationWarning: Pack.padding is deprecated. Use Pack.margin instead.

2026-03-13 15:18:21.286 INFO stravaConnect - __init__: Successfully Connected to SQLite
2026-03-13 15:18:21.289 WARNING protocol - _check_credentials: Please make sure your STRAVA_CLIENT_ID is set in your environment.Add SILENCE_TOKEN_WARNINGS=true to your environment to disable this error.
2026-03-13 15:18:21.289 WARNING protocol - _check_credentials: STRAVA_CLIENT_ID and STRAVA_CLIENT_SECRET not found in your  environment. Please refresh your access_token manually. Or add STRAVA_CLIENT_ID and STRAVA_CLIENT_SECRET to your environment.Add SILENCE_TOKEN_WARNINGS=true to your environment to silence this warning.
2026-03-13 15:18:21.290 INFO protocol - _request: GET 'https://www.strava.com/api/v3/athlete' with params {}
2026-03-13 15:18:21.329 DEBUG connectionpool - _new_conn: Starting new HTTPS connection (1): www.strava.com:443
2026-03-13 15:18:21.523 DEBUG connectionpool - _make_request: https://www.strava.com:443 "GET /api/v3/athlete HTTP/1.1" 401 None
2026-03-13 15:18:21.524 DEBUG limiter - __call__: Throttling based on rates: None
2026-03-13 15:18:21.524 WARNING limiter - __call__: No rates present in response headers
2026-03-13 15:19:54.285 WARNING bikeCompFollowUp - main: Inicio pyiOS!!!
2026-03-13 15:19:54.356 DEBUG selector_events - __init__: Using selector: KqueueSelector
2026-03-13 15:19:54.546 INFO bikeCompFollowUp - arrancarDB: Successfully Connected to SQLite
2026-03-13 15:19:54.546 INFO bikeCompFollowUp - arrancarDB: Creación Base de Datos y Tablas principales.
2026-03-13 15:19:54.547 INFO bikeCompFollowUp - arrancarDB: Ejecución SQL creación tablas.
2026-03-13 15:19:54.547 INFO bikeCompFollowUp - arrancarDB: Tablas DB creadas
2026-03-13 15:19:54.547 INFO bikeCompFollowUp - arrancarDB: Fin acciones Base de Datos
2026-03-13 15:19:54.579 WARNING warnings - _showwarnmsg: <string>:31: DeprecationWarning: Pack.padding is deprecated. Use Pack.margin instead.

2026-03-13 15:19:58.536 INFO stravaConnect - __init__: Successfully Connected to SQLite
2026-03-13 15:19:58.539 WARNING protocol - _check_credentials: Please make sure your STRAVA_CLIENT_ID is set in your environment.Add SILENCE_TOKEN_WARNINGS=true to your environment to disable this error.
2026-03-13 15:19:58.539 WARNING protocol - _check_credentials: STRAVA_CLIENT_ID and STRAVA_CLIENT_SECRET not found in your  environment. Please refresh your access_token manually. Or add STRAVA_CLIENT_ID and STRAVA_CLIENT_SECRET to your environment.Add SILENCE_TOKEN_WARNINGS=true to your environment to silence this warning.
2026-03-13 15:20:01.550 WARNING warnings - _showwarnmsg: /Users/memmaker650/PycharmProjects/BikeCompFollowUp/stravaConnect.py:162: ResourceWarning: unclosed <socket.socket fd=13, family=2, type=1, proto=0, laddr=('127.0.0.1', 5000)>
  code = self.get_strava_code(CLIENT_ID)

2026-03-13 15:20:01.581 DEBUG connectionpool - _new_conn: Starting new HTTPS connection (1): www.strava.com:443
2026-03-13 15:20:01.926 DEBUG connectionpool - _make_request: https://www.strava.com:443 "POST /oauth/token HTTP/1.1" 200 None
2026-03-13 15:20:01.930 INFO protocol - _request: GET 'https://www.strava.com/api/v3/athlete' with params {}
2026-03-13 15:20:01.933 DEBUG connectionpool - _new_conn: Starting new HTTPS connection (1): www.strava.com:443
2026-03-13 15:20:02.117 DEBUG connectionpool - _make_request: https://www.strava.com:443 "GET /api/v3/athlete HTTP/1.1" 401 None
2026-03-13 15:20:02.118 DEBUG limiter - __call__: Throttling based on rates: None
2026-03-13 15:20:02.118 WARNING limiter - __call__: No rates present in response headers
2026-03-13 15:31:44.906 WARNING bikeCompFollowUp - main: Inicio pyiOS!!!
2026-03-13 15:31:44.975 DEBUG selector_events - __init__: Using selector: KqueueSelector
2026-03-13 15:31:45.173 INFO bikeCompFollowUp - arrancarDB: Successfully Connected to SQLite
2026-03-13 15:31:45.174 INFO bikeCompFollowUp - arrancarDB: Creación Base de Datos y Tablas principales.
2026-03-13 15:31:45.174 INFO bikeCompFollowUp - arrancarDB: Ejecución SQL creación tablas.
2026-03-13 15:31:45.175 INFO bikeCompFollowUp - arrancarDB: Tablas DB creadas
2026-03-13 15:31:45.175 INFO bikeCompFollowUp - arrancarDB: Fin acciones Base de Datos
2026-03-13 15:31:45.208 WARNING warnings - _showwarnmsg: <string>:31: DeprecationWarning: Pack.padding is deprecated. Use Pack.margin instead.

2026-03-13 15:31:49.288 INFO stravaConnect - __init__: Successfully Connected to SQLite
2026-03-13 15:31:49.290 WARNING protocol - _check_credentials: Please make sure your STRAVA_CLIENT_ID is set in your environment.Add SILENCE_TOKEN_WARNINGS=true to your environment to disable this error.
2026-03-13 15:31:49.290 WARNING protocol - _check_credentials: STRAVA_CLIENT_ID and STRAVA_CLIENT_SECRET not found in your  environment. Please refresh your access_token manually. Or add STRAVA_CLIENT_ID and STRAVA_CLIENT_SECRET to your environment.Add SILENCE_TOKEN_WARNINGS=true to your environment to silence this warning.
2026-03-13 15:33:08.394 WARNING bikeCompFollowUp - main: Inicio pyiOS!!!
2026-03-13 15:33:08.465 DEBUG selector_events - __init__: Using selector: KqueueSelector
2026-03-13 15:33:08.667 INFO bikeCompFollowUp - arrancarDB: Successfully Connected to SQLite
2026-03-13 15:33:08.667 INFO bikeCompFollowUp - arrancarDB: Creación Base de Datos y Tablas principales.
2026-03-13 15:33:08.667 INFO bikeCompFollowUp - arrancarDB: Ejecución SQL creación tablas.
2026-03-13 15:33:08.667 INFO bikeCompFollowUp - arrancarDB: Tablas DB creadas
2026-03-13 15:33:08.667 INFO bikeCompFollowUp - arrancarDB: Fin acciones Base de Datos
2026-03-13 15:33:08.699 WARNING warnings - _showwarnmsg: <string>:31: DeprecationWarning: Pack.padding is deprecated. Use Pack.margin instead.

2026-03-13 15:33:12.834 INFO stravaConnect - __init__: Successfully Connected to SQLite
2026-03-13 15:33:12.837 WARNING protocol - _check_credentials: Please make sure your STRAVA_CLIENT_ID is set in your environment.Add SILENCE_TOKEN_WARNINGS=true to your environment to disable this error.
2026-03-13 15:33:12.837 WARNING protocol - _check_credentials: STRAVA_CLIENT_ID and STRAVA_CLIENT_SECRET not found in your  environment. Please refresh your access_token manually. Or add STRAVA_CLIENT_ID and STRAVA_CLIENT_SECRET to your environment.Add SILENCE_TOKEN_WARNINGS=true to your environment to silence this warning.
2026-03-13 15:33:12.838 WARNING protocol - _check_credentials: Please make sure your STRAVA_CLIENT_ID is set in your environment.Add SILENCE_TOKEN_WARNINGS=true to your environment to disable this error.
2026-03-13 15:33:12.838 WARNING protocol - _check_credentials: STRAVA_CLIENT_ID and STRAVA_CLIENT_SECRET not found in your  environment. Please refresh your access_token manually. Or add STRAVA_CLIENT_ID and STRAVA_CLIENT_SECRET to your environment.Add SILENCE_TOKEN_WARNINGS=true to your environment to silence this warning.
2026-03-13 15:33:12.838 INFO protocol - _request: GET 'https://www.strava.com/api/v3/athlete' with params {}
2026-03-13 15:33:12.881 DEBUG connectionpool - _new_conn: Starting new HTTPS connection (1): www.strava.com:443
2026-03-13 15:33:13.153 DEBUG connectionpool - _make_request: https://www.strava.com:443 "GET /api/v3/athlete?access_token=1fcfe2bea325324a9c47246bb6a8351f3411da88 HTTP/1.1" 200 None
2026-03-13 15:33:13.153 DEBUG limiter - __call__: Throttling based on rates: RequestRate(short_usage=1, long_usage=14, short_limit=100, long_limit=1000)
2026-03-13 15:33:13.155 INFO protocol - _request: GET 'https://www.strava.com/api/v3/athlete/activities' with params {'before': 1767139200, 'after': None, 'page': 1, 'per_page': 200}
2026-03-13 15:33:18.130 DEBUG connectionpool - _make_request: https://www.strava.com:443 "GET /api/v3/athlete/activities?before=1767139200&page=1&per_page=200&access_token=1fcfe2bea325324a9c47246bb6a8351f3411da88 HTTP/1.1" 200 None
2026-03-13 15:33:18.230 DEBUG limiter - __call__: Throttling based on rates: RequestRate(short_usage=2, long_usage=15, short_limit=100, long_limit=1000)
2026-03-13 15:33:18.249 DEBUG client - _fill_buffer: Requested page 1 (got: 200 items)
2026-03-13 15:33:18.250 INFO protocol - _request: GET 'https://www.strava.com/api/v3/athlete/activities' with params {'before': 1767139200, 'after': None, 'page': 2, 'per_page': 200}
2026-03-13 15:33:22.620 DEBUG connectionpool - _make_request: https://www.strava.com:443 "GET /api/v3/athlete/activities?before=1767139200&page=2&per_page=200&access_token=1fcfe2bea325324a9c47246bb6a8351f3411da88 HTTP/1.1" 200 None
2026-03-13 15:33:22.830 DEBUG limiter - __call__: Throttling based on rates: RequestRate(short_usage=3, long_usage=16, short_limit=100, long_limit=1000)
2026-03-13 15:33:22.844 DEBUG client - _fill_buffer: Requested page 2 (got: 200 items)
2026-03-13 15:33:22.844 INFO protocol - _request: GET 'https://www.strava.com/api/v3/athlete/activities' with params {'before': 1767139200, 'after': None, 'page': 3, 'per_page': 200}
2026-03-13 15:33:28.994 DEBUG connectionpool - _make_request: https://www.strava.com:443 "GET /api/v3/athlete/activities?before=1767139200&page=3&per_page=200&access_token=1fcfe2bea325324a9c47246bb6a8351f3411da88 HTTP/1.1" 200 None
2026-03-13 15:33:29.330 DEBUG limiter - __call__: Throttling based on rates: RequestRate(short_usage=4, long_usage=17, short_limit=100, long_limit=1000)
2026-03-13 15:33:29.349 DEBUG client - _fill_buffer: Requested page 3 (got: 200 items)
2026-03-13 15:33:29.349 INFO protocol - _request: GET 'https://www.strava.com/api/v3/athlete/activities' with params {'before': 1767139200, 'after': None, 'page': 4, 'per_page': 200}
2026-03-13 15:33:35.404 DEBUG connectionpool - _make_request: https://www.strava.com:443 "GET /api/v3/athlete/activities?before=1767139200&page=4&per_page=200&access_token=1fcfe2bea325324a9c47246bb6a8351f3411da88 HTTP/1.1" 200 None
2026-03-13 15:33:35.453 DEBUG limiter - __call__: Throttling based on rates: RequestRate(short_usage=5, long_usage=18, short_limit=100, long_limit=1000)
2026-03-13 15:33:35.468 DEBUG client - _fill_buffer: Requested page 4 (got: 200 items)
2026-03-13 15:33:35.468 INFO protocol - _request: GET 'https://www.strava.com/api/v3/athlete/activities' with params {'before': 1767139200, 'after': None, 'page': 5, 'per_page': 200}
2026-03-13 15:33:44.455 DEBUG connectionpool - _make_request: https://www.strava.com:443 "GET /api/v3/athlete/activities?before=1767139200&page=5&per_page=200&access_token=1fcfe2bea325324a9c47246bb6a8351f3411da88 HTTP/1.1" 200 None
2026-03-13 15:33:44.505 DEBUG limiter - __call__: Throttling based on rates: RequestRate(short_usage=6, long_usage=19, short_limit=100, long_limit=1000)
2026-03-13 15:33:44.517 DEBUG client - _fill_buffer: Requested page 5 (got: 200 items)
2026-03-13 15:33:44.517 INFO protocol - _request: GET 'https://www.strava.com/api/v3/athlete/activities' with params {'before': 1767139200, 'after': None, 'page': 6, 'per_page': 200}
2026-03-13 15:33:46.505 DEBUG connectionpool - _make_request: https://www.strava.com:443 "GET /api/v3/athlete/activities?before=1767139200&page=6&per_page=200&access_token=1fcfe2bea325324a9c47246bb6a8351f3411da88 HTTP/1.1" 200 None
2026-03-13 15:33:46.506 DEBUG limiter - __call__: Throttling based on rates: RequestRate(short_usage=7, long_usage=20, short_limit=100, long_limit=1000)
2026-03-13 15:33:46.511 DEBUG client - _fill_buffer: Requested page 6 (got: 48 items)
2026-03-13 15:33:46.511 INFO protocol - _request: GET 'https://www.strava.com/api/v3/athlete/activities' with params {'before': 1773415993, 'after': None, 'page': 1, 'per_page': 200}
2026-03-13 15:33:49.272 DEBUG connectionpool - _make_request: https://www.strava.com:443 "GET /api/v3/athlete/activities?before=1773415993&page=1&per_page=200&access_token=1fcfe2bea325324a9c47246bb6a8351f3411da88 HTTP/1.1" 200 None
2026-03-13 15:33:49.543 DEBUG limiter - __call__: Throttling based on rates: RequestRate(short_usage=8, long_usage=21, short_limit=100, long_limit=1000)
2026-03-13 15:33:49.561 DEBUG client - _fill_buffer: Requested page 1 (got: 200 items)
2026-03-13 15:33:49.562 INFO protocol - _request: GET 'https://www.strava.com/api/v3/athlete/activities' with params {'before': 1773415993, 'after': None, 'page': 2, 'per_page': 200}
2026-03-13 15:33:52.064 DEBUG connectionpool - _make_request: https://www.strava.com:443 "GET /api/v3/athlete/activities?before=1773415993&page=2&per_page=200&access_token=1fcfe2bea325324a9c47246bb6a8351f3411da88 HTTP/1.1" 200 None
2026-03-13 15:33:52.270 DEBUG limiter - __call__: Throttling based on rates: RequestRate(short_usage=9, long_usage=22, short_limit=100, long_limit=1000)
2026-03-13 15:33:52.286 DEBUG client - _fill_buffer: Requested page 2 (got: 200 items)
2026-03-13 15:33:52.286 INFO protocol - _request: GET 'https://www.strava.com/api/v3/athlete/activities' with params {'before': 1773415993, 'after': None, 'page': 3, 'per_page': 200}
2026-03-13 15:33:56.231 DEBUG connectionpool - _make_request: https://www.strava.com:443 "GET /api/v3/athlete/activities?before=1773415993&page=3&per_page=200&access_token=1fcfe2bea325324a9c47246bb6a8351f3411da88 HTTP/1.1" 200 None
2026-03-13 15:33:56.407 DEBUG limiter - __call__: Throttling based on rates: RequestRate(short_usage=10, long_usage=23, short_limit=100, long_limit=1000)
2026-03-13 15:33:56.427 DEBUG client - _fill_buffer: Requested page 3 (got: 200 items)
2026-03-13 15:33:56.428 INFO protocol - _request: GET 'https://www.strava.com/api/v3/athlete/activities' with params {'before': 1773415993, 'after': None, 'page': 4, 'per_page': 200}
2026-03-13 15:33:59.579 DEBUG connectionpool - _make_request: https://www.strava.com:443 "GET /api/v3/athlete/activities?before=1773415993&page=4&per_page=200&access_token=1fcfe2bea325324a9c47246bb6a8351f3411da88 HTTP/1.1" 200 None
2026-03-13 15:33:59.587 DEBUG limiter - __call__: Throttling based on rates: RequestRate(short_usage=11, long_usage=24, short_limit=100, long_limit=1000)
2026-03-13 15:33:59.605 DEBUG client - _fill_buffer: Requested page 4 (got: 200 items)
2026-03-13 15:33:59.605 INFO protocol - _request: GET 'https://www.strava.com/api/v3/athlete/activities' with params {'before': 1773415993, 'after': None, 'page': 5, 'per_page': 200}
2026-03-13 15:34:04.424 DEBUG connectionpool - _make_request: https://www.strava.com:443 "GET /api/v3/athlete/activities?before=1773415993&page=5&per_page=200&access_token=1fcfe2bea325324a9c47246bb6a8351f3411da88 HTTP/1.1" 200 None
2026-03-13 15:34:04.495 DEBUG limiter - __call__: Throttling based on rates: RequestRate(short_usage=12, long_usage=25, short_limit=100, long_limit=1000)
2026-03-13 15:34:04.510 DEBUG client - _fill_buffer: Requested page 5 (got: 200 items)
2026-03-13 15:34:04.511 INFO protocol - _request: GET 'https://www.strava.com/api/v3/athlete/activities' with params {'before': 1773415993, 'after': None, 'page': 6, 'per_page': 200}
2026-03-13 15:34:05.767 DEBUG connectionpool - _make_request: https://www.strava.com:443 "GET /api/v3/athlete/activities?before=1773415993&page=6&per_page=200&access_token=1fcfe2bea325324a9c47246bb6a8351f3411da88 HTTP/1.1" 200 None
2026-03-13 15:34:05.769 DEBUG limiter - __call__: Throttling based on rates: RequestRate(short_usage=13, long_usage=26, short_limit=100, long_limit=1000)
2026-03-13 15:34:05.776 DEBUG client - _fill_buffer: Requested page 6 (got: 60 items)
2026-03-13 15:34:05.781 INFO stravaConnect - guardarDatosBDD: Registro insertado correctamente
2026-03-13 15:35:27.993 WARNING warnings - _showwarnmsg: /Users/memmaker650/PycharmProjects/BikeCompFollowUp/bikeCompFollowUp.py:458: DeprecationWarning: App.add_background_task is deprecated. Use asyncio.create_task(), or set an App.on_running() handler
  self.add_background_task(self.tarea_larga)

2026-03-13 16:10:51.473 WARNING bikeCompFollowUp - main: Inicio pyiOS!!!
2026-03-13 16:10:51.562 DEBUG selector_events - __init__: Using selector: KqueueSelector
2026-03-13 16:10:51.809 INFO bikeCompFollowUp - arrancarDB: Successfully Connected to SQLite
2026-03-13 16:10:51.809 INFO bikeCompFollowUp - arrancarDB: Creación Base de Datos y Tablas principales.
2026-03-13 16:10:51.810 INFO bikeCompFollowUp - arrancarDB: Ejecución SQL creación tablas.
2026-03-13 16:10:51.810 INFO bikeCompFollowUp - arrancarDB: Tablas DB creadas
2026-03-13 16:10:51.810 INFO bikeCompFollowUp - arrancarDB: Fin acciones Base de Datos
2026-03-13 16:10:51.842 WARNING warnings - _showwarnmsg: <string>:31: DeprecationWarning: Pack.padding is deprecated. Use Pack.margin instead.

2026-03-13 16:10:55.442 INFO stravaConnect - __init__: Successfully Connected to SQLite
2026-03-13 16:10:55.444 WARNING protocol - _check_credentials: Please make sure your STRAVA_CLIENT_ID is set in your environment.Add SILENCE_TOKEN_WARNINGS=true to your environment to disable this error.
2026-03-13 16:10:55.445 WARNING protocol - _check_credentials: STRAVA_CLIENT_ID and STRAVA_CLIENT_SECRET not found in your  environment. Please refresh your access_token manually. Or add STRAVA_CLIENT_ID and STRAVA_CLIENT_SECRET to your environment.Add SILENCE_TOKEN_WARNINGS=true to your environment to silence this warning.
2026-03-13 16:10:55.446 WARNING protocol - _check_credentials: Please make sure your STRAVA_CLIENT_ID is set in your environment.Add SILENCE_TOKEN_WARNINGS=true to your environment to disable this error.
2026-03-13 16:10:55.446 WARNING protocol - _check_credentials: STRAVA_CLIENT_ID and STRAVA_CLIENT_SECRET not found in your  environment. Please refresh your access_token manually. Or add STRAVA_CLIENT_ID and STRAVA_CLIENT_SECRET to your environment.Add SILENCE_TOKEN_WARNINGS=true to your environment to silence this warning.
2026-03-13 16:10:55.447 INFO protocol - _request: GET 'https://www.strava.com/api/v3/athlete' with params {}
2026-03-13 16:10:55.484 DEBUG connectionpool - _new_conn: Starting new HTTPS connection (1): www.strava.com:443
2026-03-13 16:10:55.788 DEBUG connectionpool - _make_request: https://www.strava.com:443 "GET /api/v3/athlete?access_token=1fcfe2bea325324a9c47246bb6a8351f3411da88 HTTP/1.1" 200 None
2026-03-13 16:10:55.790 DEBUG limiter - __call__: Throttling based on rates: RequestRate(short_usage=1, long_usage=27, short_limit=100, long_limit=1000)
2026-03-13 16:10:55.793 INFO protocol - _request: GET 'https://www.strava.com/api/v3/athlete/activities' with params {'before': 1767139200, 'after': None, 'page': 1, 'per_page': 200}
2026-03-13 16:11:00.007 DEBUG connectionpool - _make_request: https://www.strava.com:443 "GET /api/v3/athlete/activities?before=1767139200&page=1&per_page=200&access_token=1fcfe2bea325324a9c47246bb6a8351f3411da88 HTTP/1.1" 200 None
2026-03-13 16:11:00.107 DEBUG limiter - __call__: Throttling based on rates: RequestRate(short_usage=2, long_usage=28, short_limit=100, long_limit=1000)
2026-03-13 16:11:00.126 DEBUG client - _fill_buffer: Requested page 1 (got: 200 items)
2026-03-13 16:11:00.127 INFO protocol - _request: GET 'https://www.strava.com/api/v3/athlete/activities' with params {'before': 1767139200, 'after': None, 'page': 2, 'per_page': 200}
2026-03-13 16:11:03.564 DEBUG connectionpool - _make_request: https://www.strava.com:443 "GET /api/v3/athlete/activities?before=1767139200&page=2&per_page=200&access_token=1fcfe2bea325324a9c47246bb6a8351f3411da88 HTTP/1.1" 200 None
2026-03-13 16:11:03.856 DEBUG limiter - __call__: Throttling based on rates: RequestRate(short_usage=3, long_usage=29, short_limit=100, long_limit=1000)
2026-03-13 16:11:03.874 DEBUG client - _fill_buffer: Requested page 2 (got: 200 items)
2026-03-13 16:11:03.875 INFO protocol - _request: GET 'https://www.strava.com/api/v3/athlete/activities' with params {'before': 1767139200, 'after': None, 'page': 3, 'per_page': 200}
2026-03-13 16:11:07.836 DEBUG connectionpool - _make_request: https://www.strava.com:443 "GET /api/v3/athlete/activities?before=1767139200&page=3&per_page=200&access_token=1fcfe2bea325324a9c47246bb6a8351f3411da88 HTTP/1.1" 200 None
2026-03-13 16:11:07.944 DEBUG limiter - __call__: Throttling based on rates: RequestRate(short_usage=4, long_usage=30, short_limit=100, long_limit=1000)
2026-03-13 16:11:07.961 DEBUG client - _fill_buffer: Requested page 3 (got: 200 items)
2026-03-13 16:11:07.962 INFO protocol - _request: GET 'https://www.strava.com/api/v3/athlete/activities' with params {'before': 1767139200, 'after': None, 'page': 4, 'per_page': 200}
2026-03-13 16:11:12.037 DEBUG connectionpool - _make_request: https://www.strava.com:443 "GET /api/v3/athlete/activities?before=1767139200&page=4&per_page=200&access_token=1fcfe2bea325324a9c47246bb6a8351f3411da88 HTTP/1.1" 200 None
2026-03-13 16:11:12.339 DEBUG limiter - __call__: Throttling based on rates: RequestRate(short_usage=5, long_usage=31, short_limit=100, long_limit=1000)
2026-03-13 16:11:12.357 DEBUG client - _fill_buffer: Requested page 4 (got: 200 items)
2026-03-13 16:11:12.358 INFO protocol - _request: GET 'https://www.strava.com/api/v3/athlete/activities' with params {'before': 1767139200, 'after': None, 'page': 5, 'per_page': 200}
2026-03-13 16:11:18.391 DEBUG connectionpool - _make_request: https://www.strava.com:443 "GET /api/v3/athlete/activities?before=1767139200&page=5&per_page=200&access_token=1fcfe2bea325324a9c47246bb6a8351f3411da88 HTTP/1.1" 200 None
2026-03-13 16:11:18.394 DEBUG limiter - __call__: Throttling based on rates: RequestRate(short_usage=6, long_usage=32, short_limit=100, long_limit=1000)
2026-03-13 16:11:18.409 DEBUG client - _fill_buffer: Requested page 5 (got: 200 items)
2026-03-13 16:11:18.409 INFO protocol - _request: GET 'https://www.strava.com/api/v3/athlete/activities' with params {'before': 1767139200, 'after': None, 'page': 6, 'per_page': 200}
2026-03-13 16:11:19.921 DEBUG connectionpool - _make_request: https://www.strava.com:443 "GET /api/v3/athlete/activities?before=1767139200&page=6&per_page=200&access_token=1fcfe2bea325324a9c47246bb6a8351f3411da88 HTTP/1.1" 200 None
2026-03-13 16:11:19.923 DEBUG limiter - __call__: Throttling based on rates: RequestRate(short_usage=7, long_usage=33, short_limit=100, long_limit=1000)
2026-03-13 16:11:19.928 DEBUG client - _fill_buffer: Requested page 6 (got: 48 items)
2026-03-13 16:11:19.929 INFO protocol - _request: GET 'https://www.strava.com/api/v3/athlete/activities' with params {'before': 1773418255, 'after': None, 'page': 1, 'per_page': 200}
2026-03-13 16:11:22.925 DEBUG connectionpool - _make_request: https://www.strava.com:443 "GET /api/v3/athlete/activities?before=1773418255&page=1&per_page=200&access_token=1fcfe2bea325324a9c47246bb6a8351f3411da88 HTTP/1.1" 200 None
2026-03-13 16:11:22.963 DEBUG limiter - __call__: Throttling based on rates: RequestRate(short_usage=8, long_usage=34, short_limit=100, long_limit=1000)
2026-03-13 16:11:22.979 DEBUG client - _fill_buffer: Requested page 1 (got: 200 items)
2026-03-13 16:11:22.979 INFO protocol - _request: GET 'https://www.strava.com/api/v3/athlete/activities' with params {'before': 1773418255, 'after': None, 'page': 2, 'per_page': 200}
2026-03-13 16:11:25.461 DEBUG connectionpool - _make_request: https://www.strava.com:443 "GET /api/v3/athlete/activities?before=1773418255&page=2&per_page=200&access_token=1fcfe2bea325324a9c47246bb6a8351f3411da88 HTTP/1.1" 200 None
2026-03-13 16:11:25.660 DEBUG limiter - __call__: Throttling based on rates: RequestRate(short_usage=9, long_usage=35, short_limit=100, long_limit=1000)
2026-03-13 16:11:25.678 DEBUG client - _fill_buffer: Requested page 2 (got: 200 items)
2026-03-13 16:11:25.679 INFO protocol - _request: GET 'https://www.strava.com/api/v3/athlete/activities' with params {'before': 1773418255, 'after': None, 'page': 3, 'per_page': 200}
2026-03-13 16:11:29.991 DEBUG connectionpool - _make_request: https://www.strava.com:443 "GET /api/v3/athlete/activities?before=1773418255&page=3&per_page=200&access_token=1fcfe2bea325324a9c47246bb6a8351f3411da88 HTTP/1.1" 200 None
2026-03-13 16:11:30.282 DEBUG limiter - __call__: Throttling based on rates: RequestRate(short_usage=10, long_usage=36, short_limit=100, long_limit=1000)
2026-03-13 16:11:30.294 DEBUG client - _fill_buffer: Requested page 3 (got: 200 items)
2026-03-13 16:11:30.295 INFO protocol - _request: GET 'https://www.strava.com/api/v3/athlete/activities' with params {'before': 1773418255, 'after': None, 'page': 4, 'per_page': 200}
2026-03-13 16:11:34.423 DEBUG connectionpool - _make_request: https://www.strava.com:443 "GET /api/v3/athlete/activities?before=1773418255&page=4&per_page=200&access_token=1fcfe2bea325324a9c47246bb6a8351f3411da88 HTTP/1.1" 200 None
2026-03-13 16:11:34.714 DEBUG limiter - __call__: Throttling based on rates: RequestRate(short_usage=11, long_usage=37, short_limit=100, long_limit=1000)
2026-03-13 16:11:34.729 DEBUG client - _fill_buffer: Requested page 4 (got: 200 items)
2026-03-13 16:11:34.730 INFO protocol - _request: GET 'https://www.strava.com/api/v3/athlete/activities' with params {'before': 1773418255, 'after': None, 'page': 5, 'per_page': 200}
2026-03-13 16:11:38.558 DEBUG connectionpool - _make_request: https://www.strava.com:443 "GET /api/v3/athlete/activities?before=1773418255&page=5&per_page=200&access_token=1fcfe2bea325324a9c47246bb6a8351f3411da88 HTTP/1.1" 200 None
2026-03-13 16:11:38.561 DEBUG limiter - __call__: Throttling based on rates: RequestRate(short_usage=12, long_usage=38, short_limit=100, long_limit=1000)
2026-03-13 16:11:38.572 DEBUG client - _fill_buffer: Requested page 5 (got: 200 items)
2026-03-13 16:11:38.573 INFO protocol - _request: GET 'https://www.strava.com/api/v3/athlete/activities' with params {'before': 1773418255, 'after': None, 'page': 6, 'per_page': 200}
2026-03-13 16:11:39.894 DEBUG connectionpool - _make_request: https://www.strava.com:443 "GET /api/v3/athlete/activities?before=1773418255&page=6&per_page=200&access_token=1fcfe2bea325324a9c47246bb6a8351f3411da88 HTTP/1.1" 200 None
2026-03-13 16:11:39.895 DEBUG limiter - __call__: Throttling based on rates: RequestRate(short_usage=13, long_usage=39, short_limit=100, long_limit=1000)
2026-03-13 16:11:39.901 DEBUG client - _fill_buffer: Requested page 6 (got: 60 items)
2026-03-13 16:11:39.904 INFO stravaConnect - guardarDatosBDD: Registro insertado correctamente
2026-03-14 08:08:00.983 WARNING bikeCompFollowUp - main: Inicio pyiOS!!!
2026-03-14 08:08:01.103 DEBUG selector_events - __init__: Using selector: KqueueSelector
2026-03-14 08:08:01.407 INFO bikeCompFollowUp - arrancarDB: Successfully Connected to SQLite
2026-03-14 08:08:01.407 INFO bikeCompFollowUp - arrancarDB: Creación Base de Datos y Tablas principales.
2026-03-14 08:08:01.408 INFO bikeCompFollowUp - arrancarDB: Ejecución SQL creación tablas.
2026-03-14 08:08:01.408 INFO bikeCompFollowUp - arrancarDB: Tablas DB creadas
2026-03-14 08:08:01.408 INFO bikeCompFollowUp - arrancarDB: Fin acciones Base de Datos
2026-03-14 08:08:01.441 WARNING warnings - _showwarnmsg: <string>:31: DeprecationWarning: Pack.padding is deprecated. Use Pack.margin instead.

2026-03-14 08:09:19.587 WARNING bikeCompFollowUp - main: Inicio pyiOS!!!
2026-03-14 08:09:19.658 DEBUG selector_events - __init__: Using selector: KqueueSelector
2026-03-14 08:09:19.826 INFO bikeCompFollowUp - arrancarDB: Successfully Connected to SQLite
2026-03-14 08:09:19.826 INFO bikeCompFollowUp - arrancarDB: Creación Base de Datos y Tablas principales.
2026-03-14 08:09:19.827 INFO bikeCompFollowUp - arrancarDB: Ejecución SQL creación tablas.
2026-03-14 08:09:19.827 INFO bikeCompFollowUp - arrancarDB: Tablas DB creadas
2026-03-14 08:09:19.827 INFO bikeCompFollowUp - arrancarDB: Fin acciones Base de Datos
2026-03-14 08:09:19.857 WARNING warnings - _showwarnmsg: <string>:31: DeprecationWarning: Pack.padding is deprecated. Use Pack.margin instead.

2026-03-14 08:13:39.028 WARNING bikeCompFollowUp - main: Inicio pyiOS!!!
2026-03-14 08:13:39.096 DEBUG selector_events - __init__: Using selector: KqueueSelector
2026-03-14 08:13:39.270 INFO bikeCompFollowUp - arrancarDB: Successfully Connected to SQLite
2026-03-14 08:13:39.270 INFO bikeCompFollowUp - arrancarDB: Creación Base de Datos y Tablas principales.
2026-03-14 08:13:39.270 INFO bikeCompFollowUp - arrancarDB: Ejecución SQL creación tablas.
2026-03-14 08:13:39.270 INFO bikeCompFollowUp - arrancarDB: Tablas DB creadas
2026-03-14 08:13:39.270 INFO bikeCompFollowUp - arrancarDB: Fin acciones Base de Datos
2026-03-14 08:13:39.303 WARNING warnings - _showwarnmsg: <string>:31: DeprecationWarning: Pack.padding is deprecated. Use Pack.margin instead.

2026-03-14 09:11:41.992 WARNING bikeCompFollowUp - main: Inicio pyiOS!!!
2026-03-14 09:11:42.175 DEBUG selector_events - __init__: Using selector: KqueueSelector
2026-03-14 09:11:42.561 INFO bikeCompFollowUp - arrancarDB: Successfully Connected to SQLite
2026-03-14 09:11:42.561 INFO bikeCompFollowUp - arrancarDB: Creación Base de Datos y Tablas principales.
2026-03-14 09:11:42.562 INFO bikeCompFollowUp - arrancarDB: Ejecución SQL creación tablas.
2026-03-14 09:11:42.562 INFO bikeCompFollowUp - arrancarDB: Tablas DB creadas
2026-03-14 09:11:42.562 INFO bikeCompFollowUp - arrancarDB: Fin acciones Base de Datos
2026-03-14 09:11:42.598 WARNING warnings - _showwarnmsg: <string>:31: DeprecationWarning: Pack.padding is deprecated. Use Pack.margin instead.

2026-03-14 09:11:47.792 INFO stravaConnect - __init__: Successfully Connected to SQLite
2026-03-14 09:11:47.793 WARNING protocol - _check_credentials: Please make sure your STRAVA_CLIENT_ID is set in your environment.Add SILENCE_TOKEN_WARNINGS=true to your environment to disable this error.
2026-03-14 09:11:47.793 WARNING protocol - _check_credentials: STRAVA_CLIENT_ID and STRAVA_CLIENT_SECRET not found in your  environment. Please refresh your access_token manually. Or add STRAVA_CLIENT_ID and STRAVA_CLIENT_SECRET to your environment.Add SILENCE_TOKEN_WARNINGS=true to your environment to silence this warning.
2026-03-14 09:12:58.322 WARNING bikeCompFollowUp - main: Inicio pyiOS!!!
2026-03-14 09:12:58.386 DEBUG selector_events - __init__: Using selector: KqueueSelector
2026-03-14 09:12:58.558 INFO bikeCompFollowUp - arrancarDB: Successfully Connected to SQLite
2026-03-14 09:12:58.558 INFO bikeCompFollowUp - arrancarDB: Creación Base de Datos y Tablas principales.
2026-03-14 09:12:58.559 INFO bikeCompFollowUp - arrancarDB: Ejecución SQL creación tablas.
2026-03-14 09:12:58.559 INFO bikeCompFollowUp - arrancarDB: Tablas DB creadas
2026-03-14 09:12:58.559 INFO bikeCompFollowUp - arrancarDB: Fin acciones Base de Datos
2026-03-14 09:12:58.590 WARNING warnings - _showwarnmsg: <string>:31: DeprecationWarning: Pack.padding is deprecated. Use Pack.margin instead.

2026-03-14 09:13:02.216 INFO stravaConnect - __init__: Successfully Connected to SQLite
2026-03-14 09:13:02.216 WARNING protocol - _check_credentials: Please make sure your STRAVA_CLIENT_ID is set in your environment.Add SILENCE_TOKEN_WARNINGS=true to your environment to disable this error.
2026-03-14 09:13:02.216 WARNING protocol - _check_credentials: STRAVA_CLIENT_ID and STRAVA_CLIENT_SECRET not found in your  environment. Please refresh your access_token manually. Or add STRAVA_CLIENT_ID and STRAVA_CLIENT_SECRET to your environment.Add SILENCE_TOKEN_WARNINGS=true to your environment to silence this warning.
2026-03-14 09:13:02.256 DEBUG connectionpool - _new_conn: Starting new HTTPS connection (1): www.strava.com:443
2026-03-14 09:13:02.479 DEBUG connectionpool - _make_request: https://www.strava.com:443 "POST /oauth/token HTTP/1.1" 200 None
2026-03-14 09:13:02.486 WARNING protocol - _check_credentials: Please make sure your STRAVA_CLIENT_ID is set in your environment.Add SILENCE_TOKEN_WARNINGS=true to your environment to disable this error.
2026-03-14 09:13:02.487 WARNING protocol - _check_credentials: STRAVA_CLIENT_ID and STRAVA_CLIENT_SECRET not found in your  environment. Please refresh your access_token manually. Or add STRAVA_CLIENT_ID and STRAVA_CLIENT_SECRET to your environment.Add SILENCE_TOKEN_WARNINGS=true to your environment to silence this warning.
2026-03-14 09:13:02.487 INFO protocol - _request: GET 'https://www.strava.com/api/v3/athlete' with params {}
2026-03-14 09:13:02.491 DEBUG connectionpool - _new_conn: Starting new HTTPS connection (1): www.strava.com:443
2026-03-14 09:13:02.742 DEBUG connectionpool - _make_request: https://www.strava.com:443 "GET /api/v3/athlete?access_token=bf18a6b686a0ca7f898f4d7561d6378fdba1aaed HTTP/1.1" 200 None
2026-03-14 09:13:02.742 DEBUG limiter - __call__: Throttling based on rates: RequestRate(short_usage=1, long_usage=1, short_limit=100, long_limit=1000)
2026-03-14 09:13:02.745 INFO protocol - _request: GET 'https://www.strava.com/api/v3/athlete/activities' with params {'before': 1773479582, 'after': 1767139200, 'page': 1, 'per_page': 200}
2026-03-14 09:13:03.358 DEBUG connectionpool - _make_request: https://www.strava.com:443 "GET /api/v3/athlete/activities?before=1773479582&after=1767139200&page=1&per_page=200&access_token=bf18a6b686a0ca7f898f4d7561d6378fdba1aaed HTTP/1.1" 200 None
2026-03-14 09:13:03.360 DEBUG limiter - __call__: Throttling based on rates: RequestRate(short_usage=2, long_usage=2, short_limit=100, long_limit=1000)
2026-03-14 09:13:03.364 DEBUG client - _fill_buffer: Requested page 1 (got: 12 items)
2026-03-14 09:15:54.831 WARNING bikeCompFollowUp - main: Inicio pyiOS!!!
2026-03-14 09:15:54.901 DEBUG selector_events - __init__: Using selector: KqueueSelector
2026-03-14 09:15:55.080 INFO bikeCompFollowUp - arrancarDB: Successfully Connected to SQLite
2026-03-14 09:15:55.080 INFO bikeCompFollowUp - arrancarDB: Creación Base de Datos y Tablas principales.
2026-03-14 09:15:55.081 INFO bikeCompFollowUp - arrancarDB: Ejecución SQL creación tablas.
2026-03-14 09:15:55.081 INFO bikeCompFollowUp - arrancarDB: Tablas DB creadas
2026-03-14 09:15:55.081 INFO bikeCompFollowUp - arrancarDB: Fin acciones Base de Datos
2026-03-14 09:15:55.113 WARNING warnings - _showwarnmsg: <string>:31: DeprecationWarning: Pack.padding is deprecated. Use Pack.margin instead.

2026-03-14 09:15:58.303 INFO stravaConnect - __init__: Successfully Connected to SQLite
2026-03-14 09:15:58.304 WARNING protocol - _check_credentials: Please make sure your STRAVA_CLIENT_ID is set in your environment.Add SILENCE_TOKEN_WARNINGS=true to your environment to disable this error.
2026-03-14 09:15:58.304 WARNING protocol - _check_credentials: STRAVA_CLIENT_ID and STRAVA_CLIENT_SECRET not found in your  environment. Please refresh your access_token manually. Or add STRAVA_CLIENT_ID and STRAVA_CLIENT_SECRET to your environment.Add SILENCE_TOKEN_WARNINGS=true to your environment to silence this warning.
2026-03-14 09:15:58.305 WARNING protocol - _check_credentials: Please make sure your STRAVA_CLIENT_ID is set in your environment.Add SILENCE_TOKEN_WARNINGS=true to your environment to disable this error.
2026-03-14 09:15:58.305 WARNING protocol - _check_credentials: STRAVA_CLIENT_ID and STRAVA_CLIENT_SECRET not found in your  environment. Please refresh your access_token manually. Or add STRAVA_CLIENT_ID and STRAVA_CLIENT_SECRET to your environment.Add SILENCE_TOKEN_WARNINGS=true to your environment to silence this warning.
2026-03-14 09:15:58.305 INFO protocol - _request: GET 'https://www.strava.com/api/v3/athlete' with params {}
2026-03-14 09:15:58.342 DEBUG connectionpool - _new_conn: Starting new HTTPS connection (1): www.strava.com:443
2026-03-14 09:15:58.575 DEBUG connectionpool - _make_request: https://www.strava.com:443 "GET /api/v3/athlete?access_token=bf18a6b686a0ca7f898f4d7561d6378fdba1aaed HTTP/1.1" 200 None
2026-03-14 09:15:58.577 DEBUG limiter - __call__: Throttling based on rates: RequestRate(short_usage=1, long_usage=3, short_limit=100, long_limit=1000)
2026-03-14 09:15:58.581 INFO protocol - _request: GET 'https://www.strava.com/api/v3/athlete/activities' with params {'before': 1773479758, 'after': 1767139200, 'page': 1, 'per_page': 200}
2026-03-14 09:15:58.958 DEBUG connectionpool - _make_request: https://www.strava.com:443 "GET /api/v3/athlete/activities?before=1773479758&after=1767139200&page=1&per_page=200&access_token=bf18a6b686a0ca7f898f4d7561d6378fdba1aaed HTTP/1.1" 200 None
2026-03-14 09:15:58.960 DEBUG limiter - __call__: Throttling based on rates: RequestRate(short_usage=2, long_usage=4, short_limit=100, long_limit=1000)
2026-03-14 09:15:58.963 DEBUG client - _fill_buffer: Requested page 1 (got: 12 items)
2026-03-14 09:15:58.967 INFO stravaConnect - guardarDatosBDD: Registro insertado correctamente
2026-03-14 09:16:02.875 WARNING warnings - _showwarnmsg: /Users/memmaker650/PycharmProjects/BikeCompFollowUp/bikeCompFollowUp.py:458: DeprecationWarning: App.add_background_task is deprecated. Use asyncio.create_task(), or set an App.on_running() handler
  self.add_background_task(self.tarea_larga)

2026-03-14 09:18:35.976 WARNING bikeCompFollowUp - main: Inicio pyiOS!!!
2026-03-14 09:18:36.048 DEBUG selector_events - __init__: Using selector: KqueueSelector
2026-03-14 09:18:36.221 INFO bikeCompFollowUp - arrancarDB: Successfully Connected to SQLite
2026-03-14 09:18:36.221 INFO bikeCompFollowUp - arrancarDB: Creación Base de Datos y Tablas principales.
2026-03-14 09:18:36.222 INFO bikeCompFollowUp - arrancarDB: Ejecución SQL creación tablas.
2026-03-14 09:18:36.222 INFO bikeCompFollowUp - arrancarDB: Tablas DB creadas
2026-03-14 09:18:36.222 INFO bikeCompFollowUp - arrancarDB: Fin acciones Base de Datos
2026-03-14 09:18:36.254 WARNING warnings - _showwarnmsg: <string>:31: DeprecationWarning: Pack.padding is deprecated. Use Pack.margin instead.

2026-03-14 09:18:39.824 INFO stravaConnect - __init__: Successfully Connected to SQLite
2026-03-14 09:18:39.826 WARNING protocol - _check_credentials: Please make sure your STRAVA_CLIENT_ID is set in your environment.Add SILENCE_TOKEN_WARNINGS=true to your environment to disable this error.
2026-03-14 09:18:39.826 WARNING protocol - _check_credentials: STRAVA_CLIENT_ID and STRAVA_CLIENT_SECRET not found in your  environment. Please refresh your access_token manually. Or add STRAVA_CLIENT_ID and STRAVA_CLIENT_SECRET to your environment.Add SILENCE_TOKEN_WARNINGS=true to your environment to silence this warning.
2026-03-14 09:18:39.827 WARNING protocol - _check_credentials: Please make sure your STRAVA_CLIENT_ID is set in your environment.Add SILENCE_TOKEN_WARNINGS=true to your environment to disable this error.
2026-03-14 09:18:39.827 WARNING protocol - _check_credentials: STRAVA_CLIENT_ID and STRAVA_CLIENT_SECRET not found in your  environment. Please refresh your access_token manually. Or add STRAVA_CLIENT_ID and STRAVA_CLIENT_SECRET to your environment.Add SILENCE_TOKEN_WARNINGS=true to your environment to silence this warning.
2026-03-14 09:18:39.827 INFO protocol - _request: GET 'https://www.strava.com/api/v3/athlete' with params {}
2026-03-14 09:18:39.861 DEBUG connectionpool - _new_conn: Starting new HTTPS connection (1): www.strava.com:443
2026-03-14 09:18:40.334 DEBUG connectionpool - _make_request: https://www.strava.com:443 "GET /api/v3/athlete?access_token=bf18a6b686a0ca7f898f4d7561d6378fdba1aaed HTTP/1.1" 200 None
2026-03-14 09:18:40.336 DEBUG limiter - __call__: Throttling based on rates: RequestRate(short_usage=3, long_usage=5, short_limit=100, long_limit=1000)
2026-03-14 09:18:40.339 INFO protocol - _request: GET 'https://www.strava.com/api/v3/athlete/activities' with params {'before': 1773479920, 'after': 1767139200, 'page': 1, 'per_page': 200}
2026-03-14 09:18:40.774 DEBUG connectionpool - _make_request: https://www.strava.com:443 "GET /api/v3/athlete/activities?before=1773479920&after=1767139200&page=1&per_page=200&access_token=bf18a6b686a0ca7f898f4d7561d6378fdba1aaed HTTP/1.1" 200 None
2026-03-14 09:18:40.776 DEBUG limiter - __call__: Throttling based on rates: RequestRate(short_usage=4, long_usage=6, short_limit=100, long_limit=1000)
2026-03-14 09:18:40.780 DEBUG client - _fill_buffer: Requested page 1 (got: 12 items)
2026-03-14 09:19:37.859 WARNING bikeCompFollowUp - main: Inicio pyiOS!!!
2026-03-14 09:19:37.922 DEBUG selector_events - __init__: Using selector: KqueueSelector
2026-03-14 09:19:38.101 INFO bikeCompFollowUp - arrancarDB: Successfully Connected to SQLite
2026-03-14 09:19:38.101 INFO bikeCompFollowUp - arrancarDB: Creación Base de Datos y Tablas principales.
2026-03-14 09:19:38.102 INFO bikeCompFollowUp - arrancarDB: Ejecución SQL creación tablas.
2026-03-14 09:19:38.102 INFO bikeCompFollowUp - arrancarDB: Tablas DB creadas
2026-03-14 09:19:38.102 INFO bikeCompFollowUp - arrancarDB: Fin acciones Base de Datos
2026-03-14 09:19:38.133 WARNING warnings - _showwarnmsg: <string>:31: DeprecationWarning: Pack.padding is deprecated. Use Pack.margin instead.

2026-03-14 09:19:40.705 INFO stravaConnect - __init__: Successfully Connected to SQLite
2026-03-14 09:19:40.706 WARNING protocol - _check_credentials: Please make sure your STRAVA_CLIENT_ID is set in your environment.Add SILENCE_TOKEN_WARNINGS=true to your environment to disable this error.
2026-03-14 09:19:40.706 WARNING protocol - _check_credentials: STRAVA_CLIENT_ID and STRAVA_CLIENT_SECRET not found in your  environment. Please refresh your access_token manually. Or add STRAVA_CLIENT_ID and STRAVA_CLIENT_SECRET to your environment.Add SILENCE_TOKEN_WARNINGS=true to your environment to silence this warning.
2026-03-14 09:19:40.706 WARNING protocol - _check_credentials: Please make sure your STRAVA_CLIENT_ID is set in your environment.Add SILENCE_TOKEN_WARNINGS=true to your environment to disable this error.
2026-03-14 09:19:40.706 WARNING protocol - _check_credentials: STRAVA_CLIENT_ID and STRAVA_CLIENT_SECRET not found in your  environment. Please refresh your access_token manually. Or add STRAVA_CLIENT_ID and STRAVA_CLIENT_SECRET to your environment.Add SILENCE_TOKEN_WARNINGS=true to your environment to silence this warning.
2026-03-14 09:19:40.706 INFO protocol - _request: GET 'https://www.strava.com/api/v3/athlete' with params {}
2026-03-14 09:19:40.741 DEBUG connectionpool - _new_conn: Starting new HTTPS connection (1): www.strava.com:443
2026-03-14 09:19:40.953 DEBUG connectionpool - _make_request: https://www.strava.com:443 "GET /api/v3/athlete?access_token=bf18a6b686a0ca7f898f4d7561d6378fdba1aaed HTTP/1.1" 200 None
2026-03-14 09:19:40.953 DEBUG limiter - __call__: Throttling based on rates: RequestRate(short_usage=5, long_usage=7, short_limit=100, long_limit=1000)
2026-03-14 09:19:40.955 INFO protocol - _request: GET 'https://www.strava.com/api/v3/athlete/activities' with params {'before': 1773479980, 'after': 1767139200, 'page': 1, 'per_page': 200}
2026-03-14 09:19:41.496 DEBUG connectionpool - _make_request: https://www.strava.com:443 "GET /api/v3/athlete/activities?before=1773479980&after=1767139200&page=1&per_page=200&access_token=bf18a6b686a0ca7f898f4d7561d6378fdba1aaed HTTP/1.1" 200 None
2026-03-14 09:19:41.498 DEBUG limiter - __call__: Throttling based on rates: RequestRate(short_usage=6, long_usage=8, short_limit=100, long_limit=1000)
2026-03-14 09:19:41.501 DEBUG client - _fill_buffer: Requested page 1 (got: 12 items)
2026-03-14 09:19:41.504 INFO stravaConnect - guardarDatosBDD: Registro insertado correctamente
2026-03-14 17:28:57.232 WARNING bikeCompFollowUp - main: Inicio pyiOS!!!
2026-03-14 17:28:57.393 DEBUG selector_events - __init__: Using selector: KqueueSelector
2026-03-14 17:28:57.719 INFO bikeCompFollowUp - arrancarDB: Successfully Connected to SQLite
2026-03-14 17:28:57.719 INFO bikeCompFollowUp - arrancarDB: Creación Base de Datos y Tablas principales.
2026-03-14 17:28:57.720 INFO bikeCompFollowUp - arrancarDB: Ejecución SQL creación tablas.
2026-03-14 17:28:57.720 INFO bikeCompFollowUp - arrancarDB: Tablas DB creadas
2026-03-14 17:28:57.720 INFO bikeCompFollowUp - arrancarDB: Fin acciones Base de Datos
2026-03-14 17:28:57.753 WARNING warnings - _showwarnmsg: <string>:31: DeprecationWarning: Pack.padding is deprecated. Use Pack.margin instead.

2026-03-14 17:30:10.607 WARNING warnings - _showwarnmsg: /Users/memmaker650/PycharmProjects/BikeCompFollowUp/bikeCompFollowUp.py:458: DeprecationWarning: App.add_background_task is deprecated. Use asyncio.create_task(), or set an App.on_running() handler
  self.add_background_task(self.tarea_larga)

2026-03-14 17:35:35.134 WARNING bikeCompFollowUp - main: Inicio pyiOS!!!
2026-03-14 17:35:35.216 DEBUG selector_events - __init__: Using selector: KqueueSelector
2026-03-14 17:35:35.418 INFO bikeCompFollowUp - arrancarDB: Successfully Connected to SQLite
2026-03-14 17:35:35.418 INFO bikeCompFollowUp - arrancarDB: Creación Base de Datos y Tablas principales.
2026-03-14 17:35:35.419 INFO bikeCompFollowUp - arrancarDB: Ejecución SQL creación tablas.
2026-03-14 17:35:35.419 INFO bikeCompFollowUp - arrancarDB: Tablas DB creadas
2026-03-14 17:35:35.419 INFO bikeCompFollowUp - arrancarDB: Fin acciones Base de Datos
2026-03-14 17:35:35.454 WARNING warnings - _showwarnmsg: <string>:31: DeprecationWarning: Pack.padding is deprecated. Use Pack.margin instead.

2026-03-14 17:35:40.276 WARNING warnings - _showwarnmsg: /Users/memmaker650/PycharmProjects/BikeCompFollowUp/bikeCompFollowUp.py:459: DeprecationWarning: App.add_background_task is deprecated. Use asyncio.create_task(), or set an App.on_running() handler
  self.add_background_task(self.tarea_larga)

2026-03-14 17:37:11.435 WARNING bikeCompFollowUp - main: Inicio pyiOS!!!
2026-03-14 17:37:11.504 DEBUG selector_events - __init__: Using selector: KqueueSelector
2026-03-14 17:37:11.683 INFO bikeCompFollowUp - arrancarDB: Successfully Connected to SQLite
2026-03-14 17:37:11.683 INFO bikeCompFollowUp - arrancarDB: Creación Base de Datos y Tablas principales.
2026-03-14 17:37:11.684 INFO bikeCompFollowUp - arrancarDB: Ejecución SQL creación tablas.
2026-03-14 17:37:11.684 INFO bikeCompFollowUp - arrancarDB: Tablas DB creadas
2026-03-14 17:37:11.684 INFO bikeCompFollowUp - arrancarDB: Fin acciones Base de Datos
2026-03-14 17:37:11.716 WARNING warnings - _showwarnmsg: <string>:31: DeprecationWarning: Pack.padding is deprecated. Use Pack.margin instead.

2026-03-14 17:37:14.456 WARNING warnings - _showwarnmsg: /Users/memmaker650/PycharmProjects/BikeCompFollowUp/bikeCompFollowUp.py:459: DeprecationWarning: App.add_background_task is deprecated. Use asyncio.create_task(), or set an App.on_running() handler
  self.add_background_task(self.tarea_larga)

2026-03-14 17:38:24.323 WARNING bikeCompFollowUp - main: Inicio pyiOS!!!
2026-03-14 17:38:24.393 DEBUG selector_events - __init__: Using selector: KqueueSelector
2026-03-14 17:38:24.576 INFO bikeCompFollowUp - arrancarDB: Successfully Connected to SQLite
2026-03-14 17:38:24.576 INFO bikeCompFollowUp - arrancarDB: Creación Base de Datos y Tablas principales.
2026-03-14 17:38:24.577 INFO bikeCompFollowUp - arrancarDB: Ejecución SQL creación tablas.
2026-03-14 17:38:24.577 INFO bikeCompFollowUp - arrancarDB: Tablas DB creadas
2026-03-14 17:38:24.577 INFO bikeCompFollowUp - arrancarDB: Fin acciones Base de Datos
2026-03-14 17:38:24.611 WARNING warnings - _showwarnmsg: <string>:31: DeprecationWarning: Pack.padding is deprecated. Use Pack.margin instead.

2026-03-14 17:38:27.856 WARNING warnings - _showwarnmsg: /Users/memmaker650/PycharmProjects/BikeCompFollowUp/bikeCompFollowUp.py:459: DeprecationWarning: App.add_background_task is deprecated. Use asyncio.create_task(), or set an App.on_running() handler
  self.add_background_task(self.tarea_larga)

2026-03-16 10:39:27.495 WARNING bikeCompFollowApp - main: Inicio pyiOS!!!
2026-03-16 10:39:27.652 DEBUG selector_events - __init__: Using selector: KqueueSelector
2026-03-16 10:39:27.988 INFO bikeCompFollowApp - arrancarDB: Successfully Connected to SQLite
2026-03-16 10:39:27.988 INFO bikeCompFollowApp - arrancarDB: Creación Base de Datos y Tablas principales.
2026-03-16 10:39:27.989 INFO bikeCompFollowApp - arrancarDB: Ejecución SQL creación tablas.
2026-03-16 10:39:27.989 INFO bikeCompFollowApp - arrancarDB: Tablas DB creadas
2026-03-16 10:39:27.989 INFO bikeCompFollowApp - arrancarDB: Fin acciones Base de Datos
2026-03-16 10:39:28.022 WARNING warnings - _showwarnmsg: <string>:31: DeprecationWarning: Pack.padding is deprecated. Use Pack.margin instead.

2026-03-16 11:25:32.114 WARNING bikeCompFollowApp - main: Inicio pyiOS!!!
2026-03-16 11:25:32.220 DEBUG selector_events - __init__: Using selector: KqueueSelector
2026-03-16 11:25:32.473 INFO bikeCompFollowApp - arrancarDB: Successfully Connected to SQLite
2026-03-16 11:25:32.473 INFO bikeCompFollowApp - arrancarDB: Creación Base de Datos y Tablas principales.
2026-03-16 11:25:32.474 INFO bikeCompFollowApp - arrancarDB: Ejecución SQL creación tablas.
2026-03-16 11:25:32.474 INFO bikeCompFollowApp - arrancarDB: Tablas DB creadas
2026-03-16 11:25:32.474 INFO bikeCompFollowApp - arrancarDB: Fin acciones Base de Datos
2026-03-16 11:25:32.507 WARNING warnings - _showwarnmsg: <string>:31: DeprecationWarning: Pack.padding is deprecated. Use Pack.margin instead.

2026-03-16 11:25:36.919 WARNING warnings - _showwarnmsg: /Users/memmaker650/PycharmProjects/BikeCompFollowUp/bikeCompFollowApp.py:459: DeprecationWarning: App.add_background_task is deprecated. Use asyncio.create_task(), or set an App.on_running() handler
  self.add_background_task(self.tarea_larga)

2026-03-16 11:27:20.530 WARNING bikeCompFollowApp - main: Inicio pyiOS!!!
2026-03-16 11:27:20.594 DEBUG selector_events - __init__: Using selector: KqueueSelector
2026-03-16 11:27:20.791 INFO bikeCompFollowApp - arrancarDB: Successfully Connected to SQLite
2026-03-16 11:27:20.791 INFO bikeCompFollowApp - arrancarDB: Creación Base de Datos y Tablas principales.
2026-03-16 11:27:20.792 INFO bikeCompFollowApp - arrancarDB: Ejecución SQL creación tablas.
2026-03-16 11:27:20.792 INFO bikeCompFollowApp - arrancarDB: Tablas DB creadas
2026-03-16 11:27:20.792 INFO bikeCompFollowApp - arrancarDB: Fin acciones Base de Datos
2026-03-16 11:27:20.823 WARNING warnings - _showwarnmsg: <string>:31: DeprecationWarning: Pack.padding is deprecated. Use Pack.margin instead.

2026-03-16 11:27:54.238 WARNING bikeCompFollowApp - main: Inicio pyiOS!!!
2026-03-16 11:27:54.306 DEBUG selector_events - __init__: Using selector: KqueueSelector
2026-03-16 11:27:54.511 INFO bikeCompFollowApp - arrancarDB: Successfully Connected to SQLite
2026-03-16 11:27:54.511 INFO bikeCompFollowApp - arrancarDB: Creación Base de Datos y Tablas principales.
2026-03-16 11:27:54.512 INFO bikeCompFollowApp - arrancarDB: Ejecución SQL creación tablas.
2026-03-16 11:27:54.512 INFO bikeCompFollowApp - arrancarDB: Tablas DB creadas
2026-03-16 11:27:54.512 INFO bikeCompFollowApp - arrancarDB: Fin acciones Base de Datos
2026-03-16 11:27:54.543 WARNING warnings - _showwarnmsg: <string>:31: DeprecationWarning: Pack.padding is deprecated. Use Pack.margin instead.

2026-03-16 15:29:12.715 WARNING app - main: Inicio BikeCompFollowApp iOS App!!!
2026-03-16 15:29:12.902 DEBUG selector_events - __init__: Using selector: KqueueSelector
2026-03-16 15:30:36.598 WARNING app - main: Inicio BikeCompFollowApp iOS App!!!
2026-03-16 15:30:36.673 DEBUG selector_events - __init__: Using selector: KqueueSelector
2026-03-16 15:30:36.873 INFO app - arrancarDB: Successfully Connected to SQLite
2026-03-16 15:30:36.873 INFO app - arrancarDB: Creación Base de Datos y Tablas principales.
2026-03-16 15:30:36.874 INFO app - arrancarDB: Ejecución SQL creación tablas.
2026-03-16 15:30:36.874 INFO app - arrancarDB: Tablas DB creadas
2026-03-16 15:30:36.874 INFO app - arrancarDB: Fin acciones Base de Datos
2026-03-16 15:30:36.887 WARNING warnings - _showwarnmsg: <string>:31: DeprecationWarning: Pack.padding is deprecated. Use Pack.margin instead.

2026-03-16 15:36:00.818 WARNING app - main: Inicio BikeCompFollowApp iOS App!!!
2026-03-16 15:36:00.898 DEBUG selector_events - __init__: Using selector: KqueueSelector
2026-03-16 15:36:01.107 INFO app - arrancarDB: Successfully Connected to SQLite
2026-03-16 15:36:01.108 INFO app - arrancarDB: Creación Base de Datos y Tablas principales.
2026-03-16 15:36:01.108 INFO app - arrancarDB: Ejecución SQL creación tablas.
2026-03-16 15:36:01.108 INFO app - arrancarDB: Tablas DB creadas
2026-03-16 15:36:01.108 INFO app - arrancarDB: Fin acciones Base de Datos
2026-03-16 15:36:01.120 WARNING warnings - _showwarnmsg: <string>:31: DeprecationWarning: Pack.padding is deprecated. Use Pack.margin instead.

2026-03-16 15:41:13.007 WARNING app - main: Inicio BikeCompFollowApp iOS App!!!
2026-03-16 15:41:13.089 DEBUG selector_events - __init__: Using selector: KqueueSelector
2026-03-16 15:41:13.297 INFO app - arrancarDB: Successfully Connected to SQLite
2026-03-16 15:41:13.297 INFO app - arrancarDB: Creación Base de Datos y Tablas principales.
2026-03-16 15:41:13.298 INFO app - arrancarDB: Ejecución SQL creación tablas.
2026-03-16 15:41:13.298 INFO app - arrancarDB: Tablas DB creadas
2026-03-16 15:41:13.299 INFO app - arrancarDB: Fin acciones Base de Datos
2026-03-16 15:41:13.310 WARNING warnings - _showwarnmsg: <string>:31: DeprecationWarning: Pack.padding is deprecated. Use Pack.margin instead.

2026-03-16 16:06:55.318 WARNING app - main: Inicio BikeCompFollowApp iOS App!!!
2026-03-16 16:06:55.394 DEBUG selector_events - __init__: Using selector: KqueueSelector
2026-03-16 16:06:55.606 INFO app - arrancarDB: Successfully Connected to SQLite
2026-03-16 16:06:55.606 INFO app - arrancarDB: Creación Base de Datos y Tablas principales.
2026-03-16 16:06:55.607 INFO app - arrancarDB: Ejecución SQL creación tablas.
2026-03-16 16:06:55.607 INFO app - arrancarDB: Tablas DB creadas
2026-03-16 16:06:55.607 INFO app - arrancarDB: Fin acciones Base de Datos
2026-03-16 16:06:55.619 WARNING warnings - _showwarnmsg: <string>:31: DeprecationWarning: Pack.padding is deprecated. Use Pack.margin instead.

